epoch,box,cls,obj,kpt,Recall,Precision,mAP@50,F1,mAP
001,2.751,0.679,32.923,0.759,0.118,0.004,0.005,0.008,0.001
002,1.972,0.661,3.269,0.651,0.189,0.381,0.146,0.252,0.040
003,1.756,0.652,2.673,0.483,0.250,0.554,0.248,0.345,0.085
004,1.622,0.627,2.309,0.422,0.280,0.645,0.317,0.391,0.122
005,1.561,0.625,2.108,0.380,0.278,0.634,0.301,0.387,0.120
006,1.536,0.627,1.988,0.350,0.332,0.690,0.372,0.449,0.157
007,1.436,0.596,1.861,0.343,0.330,0.702,0.369,0.449,0.154
008,1.429,0.607,1.805,0.322,0.348,0.714,0.393,0.467,0.167
009,1.429,0.611,1.750,0.302,0.350,0.706,0.395,0.468,0.167
010,1.417,0.609,1.733,0.296,0.373,0.728,0.425,0.493,0.188
011,1.413,0.610,1.719,0.287,0.372,0.749,0.426,0.497,0.191
012,1.358,0.590,1.624,0.283,0.375,0.735,0.427,0.497,0.187
013,1.347,0.590,1.611,0.277,0.387,0.734,0.435,0.506,0.195
014,1.307,0.585,1.564,0.271,0.387,0.743,0.440,0.509,0.198
015,1.348,0.591,1.581,0.264,0.397,0.744,0.452,0.517,0.205
016,1.360,0.601,1.603,0.264,0.385,0.738,0.433,0.506,0.196
017,1.315,0.588,1.562,0.261,0.406,0.749,0.463,0.526,0.212
018,1.288,0.582,1.495,0.259,0.404,0.742,0.460,0.523,0.212
019,1.344,0.602,1.546,0.252,0.409,0.747,0.466,0.529,0.215
020,1.310,0.585,1.506,0.253,0.418,0.750,0.475,0.537,0.219
021,1.251,0.569,1.460,0.258,0.420,0.753,0.475,0.539,0.220
022,1.282,0.579,1.458,0.248,0.423,0.757,0.479,0.543,0.225
023,1.299,0.584,1.490,0.252,0.430,0.743,0.482,0.544,0.224
024,1.312,0.589,1.493,0.241,0.427,0.756,0.484,0.546,0.227
025,1.262,0.576,1.454,0.249,0.433,0.751,0.486,0.549,0.228
026,1.284,0.582,1.461,0.243,0.431,0.759,0.488,0.550,0.227
027,1.241,0.570,1.403,0.249,0.433,0.762,0.492,0.552,0.231
028,1.283,0.592,1.461,0.241,0.435,0.759,0.491,0.553,0.230
029,1.283,0.588,1.451,0.242,0.440,0.750,0.495,0.555,0.232
030,1.227,0.567,1.400,0.243,0.441,0.748,0.494,0.555,0.232
031,1.319,0.595,1.475,0.244,0.443,0.752,0.498,0.557,0.235
032,1.287,0.582,1.467,0.241,0.443,0.755,0.499,0.559,0.236
033,1.278,0.590,1.439,0.237,0.444,0.755,0.500,0.560,0.237
034,1.259,0.578,1.419,0.240,0.446,0.755,0.502,0.561,0.237
035,1.259,0.583,1.412,0.236,0.446,0.758,0.502,0.562,0.238
036,1.277,0.587,1.437,0.233,0.448,0.759,0.503,0.563,0.238
037,1.241,0.574,1.385,0.237,0.448,0.760,0.503,0.563,0.239
038,1.223,0.575,1.376,0.236,0.449,0.761,0.505,0.565,0.239
039,1.210,0.566,1.346,0.234,0.450,0.762,0.506,0.566,0.240
040,1.214,0.567,1.355,0.236,0.450,0.765,0.507,0.567,0.241
041,1.215,0.567,1.362,0.236,0.451,0.766,0.508,0.568,0.241
042,1.244,0.576,1.401,0.234,0.452,0.765,0.509,0.568,0.242
043,1.212,0.570,1.336,0.228,0.453,0.766,0.509,0.569,0.242
044,1.220,0.563,1.345,0.234,0.452,0.768,0.510,0.569,0.243
045,1.216,0.569,1.365,0.235,0.455,0.764,0.511,0.570,0.243
046,1.230,0.574,1.365,0.229,0.455,0.766,0.511,0.571,0.244
047,1.228,0.572,1.345,0.230,0.455,0.766,0.511,0.571,0.244
048,1.230,0.574,1.356,0.229,0.455,0.766,0.512,0.571,0.244
049,1.209,0.567,1.341,0.233,0.457,0.762,0.513,0.571,0.245
050,1.264,0.589,1.381,0.232,0.457,0.763,0.513,0.571,0.245
051,1.220,0.569,1.358,0.237,0.457,0.762,0.513,0.571,0.245
052,1.223,0.569,1.348,0.226,0.457,0.764,0.514,0.572,0.245
053,1.226,0.575,1.333,0.226,0.457,0.765,0.514,0.572,0.246
054,1.176,0.556,1.289,0.231,0.457,0.765,0.515,0.573,0.246
055,1.276,0.597,1.404,0.225,0.458,0.764,0.515,0.573,0.247
056,1.210,0.570,1.321,0.229,0.458,0.766,0.516,0.573,0.247
057,1.221,0.573,1.373,0.224,0.458,0.766,0.516,0.573,0.247
058,1.208,0.568,1.343,0.229,0.458,0.767,0.516,0.574,0.248
059,1.197,0.561,1.329,0.227,0.459,0.766,0.516,0.574,0.248
060,1.216,0.573,1.339,0.223,0.459,0.767,0.517,0.574,0.248
061,1.211,0.568,1.355,0.230,0.460,0.767,0.517,0.575,0.248
062,1.177,0.561,1.303,0.229,0.461,0.768,0.517,0.576,0.249
063,1.213,0.566,1.346,0.229,0.460,0.769,0.518,0.576,0.249
064,1.197,0.570,1.293,0.218,0.461,0.768,0.519,0.576,0.249
065,1.215,0.573,1.334,0.223,0.460,0.771,0.519,0.576,0.249
066,1.209,0.573,1.360,0.223,0.460,0.772,0.519,0.577,0.250
067,1.216,0.567,1.324,0.229,0.461,0.772,0.520,0.577,0.250
068,1.193,0.559,1.289,0.228,0.460,0.773,0.520,0.577,0.250
069,1.202,0.566,1.312,0.220,0.460,0.775,0.521,0.577,0.250
070,1.176,0.561,1.287,0.223,0.460,0.777,0.521,0.578,0.250
071,1.237,0.578,1.340,0.224,0.460,0.777,0.521,0.578,0.251
072,1.216,0.579,1.307,0.220,0.460,0.778,0.522,0.578,0.251
073,1.192,0.569,1.300,0.219,0.461,0.778,0.523,0.579,0.251
074,1.178,0.559,1.327,0.223,0.461,0.778,0.523,0.579,0.251
075,1.241,0.588,1.354,0.219,0.461,0.778,0.523,0.579,0.251
076,1.157,0.555,1.249,0.223,0.461,0.780,0.523,0.579,0.252
077,1.213,0.577,1.298,0.216,0.461,0.778,0.523,0.579,0.252
078,1.247,0.585,1.349,0.218,0.460,0.780,0.523,0.579,0.252
079,1.219,0.573,1.327,0.216,0.460,0.780,0.524,0.579,0.253
080,1.160,0.552,1.271,0.226,0.461,0.781,0.525,0.580,0.253
081,1.224,0.579,1.323,0.218,0.461,0.782,0.525,0.580,0.253
082,1.200,0.573,1.307,0.221,0.461,0.782,0.525,0.580,0.254
083,1.191,0.563,1.309,0.218,0.461,0.781,0.525,0.580,0.254
084,1.178,0.560,1.267,0.223,0.462,0.782,0.525,0.581,0.254
085,1.179,0.564,1.280,0.221,0.463,0.781,0.526,0.581,0.254
086,1.215,0.577,1.306,0.215,0.463,0.781,0.526,0.582,0.254
087,1.181,0.567,1.273,0.214,0.464,0.780,0.527,0.582,0.255
088,1.155,0.557,1.229,0.215,0.464,0.780,0.528,0.582,0.255
089,1.188,0.562,1.288,0.217,0.465,0.779,0.528,0.582,0.255
090,1.162,0.555,1.264,0.214,0.465,0.778,0.528,0.582,0.256
091,1.175,0.563,1.262,0.218,0.465,0.779,0.529,0.583,0.256
092,1.171,0.561,1.273,0.217,0.466,0.778,0.529,0.583,0.256
093,1.142,0.552,1.261,0.220,0.467,0.777,0.530,0.583,0.256
094,1.175,0.564,1.279,0.212,0.467,0.777,0.530,0.584,0.257
095,1.210,0.572,1.315,0.212,0.467,0.779,0.530,0.584,0.257
096,1.160,0.556,1.287,0.219,0.468,0.778,0.531,0.584,0.257
097,1.112,0.540,1.215,0.220,0.469,0.778,0.532,0.585,0.257
098,1.179,0.563,1.285,0.217,0.469,0.780,0.533,0.585,0.258
099,1.167,0.559,1.260,0.217,0.469,0.779,0.533,0.585,0.258
100,1.213,0.575,1.300,0.220,0.469,0.778,0.533,0.585,0.258
101,1.169,0.561,1.265,0.219,0.470,0.778,0.533,0.586,0.258
102,1.200,0.572,1.301,0.215,0.470,0.778,0.533,0.586,0.259
103,1.210,0.565,1.303,0.220,0.470,0.779,0.533,0.586,0.259
104,1.192,0.569,1.294,0.214,0.470,0.778,0.534,0.586,0.259
105,1.144,0.554,1.236,0.220,0.470,0.778,0.534,0.586,0.259
106,1.216,0.578,1.329,0.218,0.471,0.778,0.535,0.587,0.260
107,1.204,0.571,1.297,0.220,0.473,0.777,0.535,0.588,0.260
108,1.193,0.564,1.275,0.218,0.473,0.778,0.536,0.588,0.260
109,1.178,0.567,1.268,0.217,0.473,0.778,0.536,0.588,0.260
110,1.201,0.570,1.295,0.216,0.474,0.779,0.537,0.589,0.260
111,1.188,0.571,1.285,0.216,0.473,0.780,0.537,0.589,0.261
112,1.173,0.562,1.261,0.212,0.474,0.780,0.537,0.590,0.261
113,1.193,0.565,1.317,0.214,0.474,0.782,0.538,0.590,0.261
114,1.170,0.556,1.236,0.217,0.474,0.782,0.538,0.590,0.261
115,1.134,0.547,1.211,0.210,0.475,0.782,0.539,0.591,0.261
116,1.174,0.561,1.239,0.211,0.475,0.783,0.539,0.591,0.261
117,1.195,0.574,1.283,0.209,0.475,0.783,0.539,0.591,0.262
118,1.126,0.540,1.234,0.215,0.475,0.783,0.539,0.592,0.262
119,1.171,0.565,1.251,0.215,0.476,0.781,0.540,0.591,0.262
120,1.154,0.551,1.258,0.219,0.476,0.782,0.540,0.592,0.262
121,1.188,0.562,1.277,0.217,0.476,0.781,0.540,0.592,0.262
122,1.174,0.564,1.254,0.215,0.477,0.780,0.541,0.592,0.263
123,1.153,0.554,1.241,0.210,0.477,0.782,0.541,0.592,0.263
124,1.118,0.544,1.228,0.212,0.478,0.782,0.542,0.593,0.263
125,1.148,0.556,1.219,0.211,0.478,0.783,0.542,0.593,0.263
126,1.143,0.558,1.219,0.211,0.479,0.782,0.542,0.594,0.263
127,1.195,0.571,1.278,0.211,0.479,0.782,0.543,0.594,0.264
128,1.143,0.551,1.254,0.214,0.479,0.783,0.543,0.594,0.264
129,1.175,0.566,1.272,0.213,0.480,0.783,0.543,0.595,0.264
130,1.160,0.560,1.252,0.213,0.480,0.785,0.544,0.596,0.264
131,1.201,0.570,1.317,0.212,0.480,0.786,0.544,0.596,0.264
132,1.210,0.575,1.303,0.212,0.481,0.786,0.544,0.596,0.264
133,1.152,0.554,1.248,0.213,0.481,0.785,0.544,0.596,0.264
134,1.155,0.558,1.237,0.213,0.482,0.783,0.545,0.597,0.264
135,1.171,0.561,1.240,0.208,0.482,0.783,0.545,0.597,0.265
136,1.205,0.577,1.281,0.210,0.482,0.784,0.545,0.597,0.265
137,1.153,0.560,1.235,0.211,0.482,0.784,0.546,0.597,0.265
138,1.161,0.570,1.245,0.211,0.483,0.784,0.546,0.597,0.265
139,1.143,0.551,1.215,0.211,0.483,0.785,0.547,0.598,0.265
140,1.158,0.559,1.246,0.213,0.483,0.784,0.547,0.598,0.265
141,1.214,0.577,1.293,0.216,0.483,0.785,0.547,0.598,0.266
142,1.137,0.548,1.215,0.216,0.484,0.784,0.547,0.598,0.266
143,1.205,0.577,1.299,0.210,0.483,0.786,0.547,0.599,0.266
144,1.168,0.558,1.246,0.211,0.485,0.782,0.548,0.599,0.266
145,1.169,0.565,1.268,0.218,0.485,0.782,0.548,0.599,0.266
146,1.149,0.559,1.238,0.209,0.485,0.782,0.548,0.599,0.266
147,1.161,0.561,1.257,0.211,0.486,0.781,0.548,0.599,0.267
148,1.169,0.564,1.251,0.212,0.486,0.781,0.549,0.599,0.267
149,1.109,0.545,1.179,0.211,0.487,0.782,0.550,0.600,0.267
150,1.199,0.573,1.276,0.215,0.487,0.780,0.550,0.600,0.267
151,1.224,0.579,1.306,0.208,0.487,0.782,0.550,0.600,0.267
152,1.205,0.575,1.269,0.207,0.487,0.780,0.549,0.600,0.268
153,1.173,0.565,1.256,0.210,0.487,0.782,0.550,0.600,0.268
154,1.187,0.575,1.239,0.210,0.486,0.782,0.549,0.600,0.268
155,1.174,0.567,1.242,0.206,0.486,0.781,0.550,0.599,0.268
156,1.136,0.549,1.219,0.215,0.486,0.782,0.550,0.600,0.268
157,1.159,0.562,1.239,0.209,0.486,0.783,0.550,0.600,0.269
158,1.137,0.550,1.207,0.206,0.486,0.783,0.550,0.600,0.269
159,1.209,0.579,1.303,0.208,0.486,0.783,0.550,0.600,0.269
160,1.202,0.574,1.291,0.208,0.487,0.784,0.551,0.601,0.269
161,1.185,0.567,1.272,0.208,0.487,0.784,0.551,0.601,0.269
162,1.183,0.571,1.269,0.209,0.487,0.784,0.551,0.601,0.269
163,1.164,0.563,1.236,0.214,0.487,0.785,0.552,0.601,0.269
164,1.154,0.566,1.212,0.208,0.487,0.786,0.552,0.601,0.269
165,1.129,0.549,1.194,0.210,0.488,0.786,0.552,0.602,0.269
166,1.126,0.542,1.198,0.206,0.488,0.787,0.552,0.602,0.270
167,1.160,0.559,1.243,0.209,0.488,0.786,0.553,0.602,0.270
168,1.189,0.569,1.276,0.211,0.489,0.785,0.552,0.603,0.269
169,1.192,0.567,1.272,0.212,0.488,0.787,0.552,0.602,0.270
170,1.105,0.539,1.171,0.207,0.488,0.786,0.552,0.603,0.269
171,1.176,0.565,1.247,0.206,0.488,0.787,0.552,0.602,0.269
172,1.150,0.555,1.227,0.210,0.488,0.787,0.552,0.603,0.270
173,1.177,0.567,1.268,0.206,0.488,0.788,0.552,0.603,0.270
174,1.145,0.552,1.222,0.204,0.488,0.789,0.553,0.603,0.270
175,1.166,0.564,1.227,0.206,0.487,0.790,0.553,0.603,0.270
176,1.143,0.554,1.223,0.205,0.487,0.790,0.553,0.603,0.270
177,1.127,0.549,1.197,0.209,0.487,0.789,0.553,0.603,0.270
178,1.206,0.581,1.264,0.205,0.488,0.789,0.553,0.603,0.270
179,1.172,0.569,1.247,0.206,0.488,0.789,0.553,0.603,0.270
180,1.173,0.564,1.245,0.206,0.487,0.789,0.553,0.602,0.270
181,1.162,0.563,1.230,0.200,0.488,0.788,0.553,0.602,0.271
182,1.164,0.562,1.264,0.207,0.488,0.787,0.553,0.602,0.271
183,1.132,0.543,1.212,0.211,0.488,0.788,0.554,0.603,0.271
184,1.183,0.569,1.246,0.203,0.488,0.787,0.553,0.602,0.271
185,1.172,0.569,1.229,0.205,0.487,0.787,0.553,0.602,0.271
186,1.161,0.562,1.236,0.206,0.488,0.788,0.554,0.603,0.271
187,1.177,0.561,1.254,0.207,0.488,0.788,0.554,0.603,0.271
188,1.145,0.556,1.224,0.203,0.489,0.787,0.554,0.603,0.271
189,1.168,0.564,1.222,0.204,0.489,0.788,0.555,0.603,0.271
190,1.146,0.562,1.199,0.206,0.489,0.786,0.555,0.603,0.271
191,1.192,0.574,1.253,0.205,0.489,0.785,0.555,0.603,0.271
192,1.120,0.550,1.195,0.205,0.489,0.787,0.555,0.603,0.271
193,1.131,0.549,1.209,0.204,0.489,0.786,0.555,0.603,0.271
194,1.183,0.573,1.273,0.206,0.490,0.786,0.555,0.603,0.271
195,1.138,0.556,1.204,0.205,0.490,0.787,0.556,0.604,0.271
196,1.173,0.566,1.267,0.204,0.489,0.787,0.555,0.603,0.271
197,1.165,0.563,1.258,0.203,0.490,0.784,0.556,0.603,0.271
198,1.164,0.561,1.246,0.212,0.491,0.785,0.556,0.604,0.271
199,1.187,0.569,1.249,0.203,0.491,0.785,0.555,0.604,0.271
200,1.177,0.573,1.249,0.205,0.493,0.782,0.556,0.604,0.272
201,1.164,0.566,1.228,0.204,0.493,0.782,0.556,0.605,0.271
202,1.152,0.557,1.230,0.205,0.492,0.784,0.556,0.605,0.272
203,1.188,0.572,1.273,0.210,0.493,0.784,0.556,0.605,0.272
204,1.189,0.567,1.293,0.205,0.492,0.786,0.556,0.605,0.272
205,1.140,0.552,1.233,0.208,0.492,0.785,0.556,0.605,0.271
206,1.168,0.570,1.238,0.203,0.492,0.785,0.556,0.605,0.272
207,1.146,0.552,1.230,0.205,0.492,0.785,0.556,0.605,0.272
208,1.136,0.550,1.205,0.202,0.492,0.784,0.556,0.605,0.272
209,1.167,0.566,1.241,0.205,0.492,0.784,0.557,0.605,0.272
210,1.167,0.570,1.226,0.203,0.493,0.783,0.557,0.605,0.272
211,1.161,0.568,1.217,0.198,0.492,0.785,0.557,0.605,0.272
212,1.173,0.562,1.241,0.200,0.493,0.783,0.557,0.605,0.272
213,1.175,0.566,1.240,0.201,0.493,0.783,0.557,0.605,0.272
214,1.191,0.570,1.254,0.204,0.493,0.782,0.557,0.605,0.272
215,1.167,0.560,1.253,0.206,0.494,0.781,0.557,0.605,0.272
216,1.151,0.562,1.204,0.200,0.495,0.781,0.558,0.606,0.272
217,1.199,0.574,1.255,0.203,0.495,0.781,0.558,0.606,0.272
218,1.176,0.571,1.245,0.201,0.495,0.781,0.558,0.606,0.272
219,1.162,0.565,1.235,0.200,0.495,0.782,0.558,0.606,0.273
220,1.181,0.570,1.242,0.200,0.495,0.782,0.558,0.606,0.273
221,1.171,0.571,1.228,0.196,0.495,0.781,0.558,0.606,0.273
222,1.182,0.571,1.284,0.199,0.495,0.780,0.558,0.606,0.273
223,1.134,0.550,1.205,0.204,0.496,0.779,0.558,0.606,0.273
224,1.203,0.581,1.273,0.196,0.495,0.781,0.558,0.606,0.273
225,1.160,0.563,1.232,0.203,0.495,0.782,0.558,0.606,0.273
226,1.116,0.541,1.177,0.200,0.495,0.782,0.559,0.607,0.273
227,1.159,0.566,1.231,0.201,0.496,0.782,0.559,0.607,0.274
228,1.174,0.572,1.240,0.205,0.496,0.783,0.559,0.607,0.274
229,1.180,0.570,1.248,0.201,0.495,0.784,0.558,0.607,0.274
230,1.194,0.579,1.249,0.199,0.494,0.785,0.558,0.607,0.274
231,1.178,0.577,1.239,0.197,0.494,0.786,0.558,0.607,0.274
232,1.143,0.558,1.217,0.207,0.494,0.786,0.559,0.607,0.274
233,1.170,0.569,1.216,0.197,0.495,0.787,0.559,0.607,0.274
234,1.143,0.555,1.210,0.203,0.495,0.786,0.559,0.607,0.274
235,1.140,0.554,1.223,0.204,0.495,0.785,0.559,0.608,0.274
236,1.121,0.550,1.186,0.203,0.495,0.786,0.559,0.608,0.274
237,1.153,0.561,1.230,0.202,0.495,0.787,0.559,0.608,0.274
238,1.121,0.550,1.183,0.202,0.495,0.786,0.559,0.608,0.274
239,1.118,0.548,1.194,0.202,0.495,0.786,0.559,0.607,0.274
240,1.136,0.551,1.217,0.203,0.494,0.786,0.559,0.607,0.274
241,1.126,0.542,1.206,0.204,0.494,0.785,0.558,0.607,0.274
242,1.181,0.570,1.267,0.203,0.495,0.784,0.558,0.607,0.274
243,1.150,0.560,1.210,0.202,0.495,0.784,0.559,0.607,0.274
244,1.200,0.572,1.254,0.203,0.495,0.783,0.559,0.607,0.274
245,1.144,0.554,1.214,0.202,0.494,0.785,0.559,0.607,0.275
246,1.143,0.558,1.214,0.201,0.494,0.786,0.559,0.607,0.275
247,1.206,0.584,1.292,0.201,0.494,0.785,0.559,0.607,0.275
248,1.121,0.551,1.185,0.201,0.495,0.785,0.559,0.607,0.275
249,1.130,0.553,1.214,0.199,0.495,0.785,0.559,0.607,0.275
250,1.159,0.560,1.223,0.201,0.495,0.786,0.559,0.607,0.275
251,1.153,0.562,1.228,0.198,0.495,0.785,0.559,0.607,0.275
252,1.156,0.557,1.234,0.203,0.495,0.786,0.559,0.608,0.275
253,1.094,0.544,1.159,0.199,0.495,0.784,0.559,0.607,0.275
254,1.189,0.577,1.256,0.197,0.495,0.785,0.559,0.607,0.275
255,1.132,0.550,1.185,0.203,0.495,0.784,0.559,0.607,0.275
256,1.160,0.563,1.205,0.200,0.496,0.785,0.559,0.608,0.275
257,1.120,0.550,1.196,0.204,0.496,0.784,0.560,0.608,0.275
258,1.123,0.548,1.172,0.198,0.495,0.785,0.560,0.607,0.275
259,1.145,0.555,1.218,0.203,0.495,0.786,0.560,0.608,0.275
260,1.158,0.565,1.222,0.195,0.495,0.787,0.560,0.607,0.275
261,1.144,0.559,1.209,0.201,0.494,0.788,0.560,0.608,0.275
262,1.147,0.557,1.207,0.199,0.495,0.788,0.560,0.608,0.275
263,1.155,0.560,1.225,0.195,0.495,0.788,0.560,0.608,0.275
264,1.098,0.537,1.167,0.202,0.495,0.789,0.560,0.608,0.275
265,1.159,0.561,1.242,0.201,0.496,0.786,0.560,0.608,0.276
266,1.167,0.567,1.242,0.204,0.496,0.786,0.560,0.608,0.276
267,1.146,0.558,1.219,0.198,0.496,0.787,0.560,0.608,0.276
268,1.143,0.557,1.200,0.201,0.496,0.787,0.560,0.608,0.276
269,1.150,0.557,1.230,0.203,0.496,0.785,0.560,0.608,0.275
270,1.174,0.563,1.254,0.202,0.496,0.786,0.560,0.608,0.276
271,1.174,0.572,1.231,0.196,0.496,0.786,0.560,0.608,0.276
272,1.135,0.558,1.196,0.194,0.496,0.785,0.560,0.608,0.276
273,1.203,0.579,1.276,0.200,0.496,0.788,0.560,0.608,0.276
274,1.145,0.559,1.208,0.202,0.495,0.788,0.560,0.608,0.276
275,1.124,0.549,1.202,0.202,0.496,0.788,0.561,0.609,0.276
276,1.147,0.561,1.217,0.201,0.496,0.787,0.561,0.609,0.276
277,1.159,0.565,1.234,0.201,0.497,0.785,0.561,0.608,0.276
278,1.130,0.551,1.219,0.201,0.497,0.786,0.561,0.609,0.276
279,1.133,0.557,1.182,0.199,0.497,0.785,0.561,0.609,0.276
280,1.149,0.560,1.219,0.198,0.497,0.785,0.561,0.609,0.276
281,1.185,0.574,1.265,0.198,0.496,0.786,0.560,0.608,0.276
282,1.106,0.548,1.180,0.199,0.497,0.784,0.561,0.608,0.276
283,1.119,0.547,1.199,0.199,0.497,0.786,0.560,0.609,0.276
284,1.127,0.548,1.182,0.205,0.497,0.785,0.561,0.609,0.276
285,1.170,0.561,1.248,0.202,0.497,0.785,0.560,0.609,0.276
286,1.141,0.558,1.202,0.197,0.497,0.785,0.561,0.609,0.276
287,1.129,0.548,1.197,0.202,0.496,0.785,0.560,0.608,0.276
288,1.172,0.569,1.252,0.201,0.496,0.784,0.560,0.608,0.276
289,1.127,0.552,1.196,0.201,0.497,0.783,0.560,0.608,0.276
290,1.164,0.562,1.217,0.197,0.496,0.783,0.560,0.607,0.276
291,1.110,0.544,1.176,0.199,0.496,0.784,0.560,0.608,0.276
292,1.129,0.551,1.191,0.200,0.496,0.783,0.560,0.608,0.276
293,1.109,0.540,1.193,0.202,0.496,0.783,0.560,0.608,0.276
294,1.121,0.546,1.204,0.202,0.497,0.784,0.561,0.608,0.276
295,1.124,0.552,1.180,0.195,0.497,0.784,0.560,0.608,0.276
296,1.176,0.569,1.243,0.200,0.496,0.786,0.560,0.608,0.276
297,1.115,0.546,1.194,0.200,0.496,0.785,0.560,0.608,0.276
298,1.130,0.553,1.199,0.197,0.497,0.785,0.560,0.608,0.276
299,1.168,0.564,1.234,0.198,0.496,0.786,0.560,0.608,0.276
300,1.149,0.556,1.224,0.198,0.496,0.786,0.560,0.608,0.276
301,1.134,0.555,1.198,0.200,0.497,0.786,0.560,0.609,0.276
302,1.113,0.544,1.159,0.200,0.497,0.786,0.560,0.609,0.276
303,1.146,0.559,1.198,0.196,0.496,0.788,0.561,0.609,0.277
304,1.143,0.554,1.222,0.199,0.496,0.788,0.561,0.609,0.277
305,1.119,0.550,1.177,0.199,0.497,0.787,0.561,0.609,0.276
306,1.136,0.559,1.187,0.195,0.497,0.788,0.561,0.609,0.276
307,1.090,0.541,1.157,0.199,0.497,0.788,0.561,0.609,0.277
308,1.164,0.565,1.228,0.200,0.496,0.791,0.561,0.610,0.277
309,1.146,0.562,1.205,0.195,0.497,0.790,0.561,0.610,0.277
310,1.142,0.561,1.198,0.198,0.497,0.790,0.561,0.610,0.277
311,1.145,0.561,1.187,0.195,0.497,0.789,0.561,0.610,0.277
312,1.146,0.553,1.225,0.199,0.497,0.789,0.561,0.610,0.277
313,1.148,0.562,1.192,0.194,0.498,0.788,0.561,0.610,0.277
314,1.126,0.551,1.176,0.201,0.499,0.788,0.562,0.611,0.277
315,1.159,0.559,1.207,0.199,0.499,0.788,0.562,0.611,0.277
316,1.114,0.546,1.167,0.198,0.498,0.789,0.562,0.610,0.277
317,1.144,0.557,1.204,0.198,0.497,0.789,0.562,0.610,0.277
318,1.182,0.570,1.243,0.197,0.497,0.789,0.562,0.610,0.277
319,1.146,0.551,1.208,0.201,0.497,0.789,0.562,0.610,0.277
320,1.144,0.563,1.202,0.194,0.497,0.789,0.562,0.610,0.277
321,1.127,0.557,1.205,0.196,0.497,0.790,0.562,0.610,0.277
322,1.169,0.567,1.238,0.193,0.497,0.790,0.562,0.610,0.277
323,1.157,0.564,1.208,0.193,0.497,0.792,0.563,0.610,0.277
324,1.149,0.559,1.208,0.191,0.497,0.792,0.563,0.611,0.277
325,1.116,0.549,1.176,0.196,0.498,0.792,0.563,0.611,0.277
326,1.127,0.555,1.178,0.195,0.498,0.790,0.563,0.611,0.277
327,1.157,0.565,1.205,0.198,0.498,0.789,0.563,0.611,0.277
328,1.165,0.565,1.231,0.197,0.499,0.789,0.564,0.611,0.278
329,1.117,0.548,1.180,0.195,0.499,0.789,0.564,0.611,0.278
330,1.153,0.560,1.210,0.196,0.500,0.788,0.564,0.611,0.278
331,1.148,0.558,1.214,0.197,0.500,0.787,0.564,0.612,0.278
332,1.138,0.558,1.205,0.199,0.500,0.788,0.564,0.612,0.278
333,1.132,0.551,1.198,0.197,0.501,0.788,0.565,0.612,0.278
334,1.115,0.553,1.167,0.196,0.500,0.788,0.565,0.612,0.278
335,1.115,0.548,1.185,0.200,0.501,0.787,0.564,0.612,0.278
336,1.128,0.550,1.180,0.199,0.501,0.787,0.565,0.612,0.278
337,1.133,0.552,1.194,0.199,0.500,0.788,0.564,0.612,0.278
338,1.152,0.564,1.207,0.194,0.500,0.787,0.565,0.612,0.278
339,1.168,0.573,1.242,0.191,0.500,0.787,0.565,0.612,0.278
340,1.102,0.546,1.150,0.193,0.500,0.788,0.564,0.612,0.278
341,1.149,0.563,1.206,0.197,0.499,0.790,0.565,0.612,0.278
342,1.141,0.559,1.200,0.198,0.500,0.789,0.565,0.612,0.278
343,1.144,0.559,1.206,0.196,0.500,0.789,0.565,0.613,0.279
344,1.128,0.559,1.175,0.194,0.501,0.788,0.565,0.612,0.279
345,1.137,0.559,1.192,0.191,0.500,0.788,0.565,0.612,0.279
346,1.101,0.542,1.169,0.197,0.501,0.788,0.565,0.612,0.279
347,1.138,0.555,1.196,0.197,0.501,0.789,0.565,0.613,0.279
348,1.131,0.555,1.175,0.195,0.501,0.788,0.565,0.613,0.279
349,1.144,0.564,1.207,0.194,0.501,0.788,0.565,0.613,0.279
350,1.144,0.556,1.196,0.196,0.501,0.789,0.565,0.613,0.279
351,1.141,0.558,1.209,0.198,0.501,0.788,0.566,0.613,0.279
352,1.138,0.560,1.174,0.202,0.500,0.791,0.566,0.613,0.279
353,1.160,0.566,1.196,0.195,0.500,0.792,0.566,0.613,0.279
354,1.146,0.564,1.195,0.195,0.501,0.789,0.566,0.613,0.279
355,1.120,0.548,1.197,0.201,0.500,0.791,0.566,0.613,0.279
356,1.144,0.567,1.182,0.194,0.501,0.791,0.566,0.613,0.279
357,1.159,0.563,1.218,0.199,0.500,0.792,0.566,0.613,0.279
358,1.118,0.553,1.181,0.194,0.500,0.792,0.566,0.613,0.279
359,1.142,0.556,1.200,0.199,0.500,0.792,0.566,0.613,0.279
360,1.111,0.543,1.153,0.197,0.501,0.791,0.566,0.613,0.279
361,1.119,0.546,1.171,0.200,0.501,0.790,0.566,0.613,0.279
362,1.180,0.571,1.230,0.195,0.501,0.791,0.566,0.613,0.279
363,1.148,0.560,1.223,0.201,0.501,0.791,0.567,0.613,0.279
364,1.125,0.555,1.186,0.196,0.501,0.791,0.566,0.613,0.279
365,1.134,0.556,1.189,0.195,0.501,0.790,0.566,0.613,0.279
366,1.138,0.557,1.184,0.193,0.501,0.791,0.567,0.613,0.279
367,1.144,0.560,1.198,0.197,0.500,0.793,0.567,0.613,0.279
368,1.132,0.554,1.207,0.195,0.501,0.791,0.567,0.614,0.279
369,1.137,0.552,1.204,0.198,0.501,0.792,0.567,0.613,0.279
370,1.122,0.558,1.162,0.194,0.501,0.791,0.567,0.613,0.279
371,1.131,0.553,1.176,0.198,0.502,0.789,0.567,0.614,0.279
372,1.127,0.552,1.182,0.194,0.502,0.789,0.567,0.613,0.279
373,1.129,0.548,1.179,0.199,0.501,0.790,0.567,0.613,0.279
374,1.145,0.568,1.206,0.191,0.502,0.788,0.567,0.613,0.279
375,1.102,0.546,1.156,0.195,0.502,0.788,0.567,0.613,0.280
376,1.135,0.557,1.209,0.197,0.502,0.788,0.567,0.613,0.279
377,1.178,0.572,1.237,0.194,0.502,0.787,0.567,0.613,0.279
378,1.075,0.534,1.141,0.196,0.502,0.788,0.567,0.614,0.279
379,1.151,0.567,1.208,0.190,0.502,0.789,0.567,0.614,0.279
380,1.121,0.555,1.170,0.191,0.503,0.788,0.567,0.614,0.280
381,1.091,0.541,1.136,0.195,0.502,0.791,0.568,0.614,0.280
382,1.138,0.559,1.186,0.194,0.502,0.791,0.568,0.614,0.280
383,1.115,0.553,1.181,0.192,0.502,0.791,0.567,0.614,0.280
384,1.152,0.561,1.210,0.199,0.503,0.791,0.567,0.615,0.280
385,1.151,0.563,1.203,0.193,0.503,0.791,0.567,0.615,0.280
386,1.133,0.556,1.193,0.196,0.503,0.791,0.568,0.615,0.280
387,1.143,0.557,1.184,0.194,0.503,0.791,0.568,0.615,0.280
388,1.129,0.559,1.167,0.195,0.502,0.791,0.568,0.615,0.280
389,1.135,0.553,1.220,0.197,0.502,0.792,0.568,0.615,0.280
390,1.131,0.546,1.196,0.200,0.503,0.790,0.567,0.614,0.279
391,1.134,0.559,1.198,0.193,0.502,0.791,0.567,0.614,0.279
392,1.131,0.554,1.179,0.194,0.501,0.791,0.567,0.614,0.280
393,1.127,0.553,1.201,0.195,0.501,0.791,0.567,0.614,0.280
394,1.102,0.544,1.150,0.196,0.501,0.793,0.567,0.614,0.280
395,1.104,0.538,1.170,0.195,0.502,0.791,0.567,0.614,0.280
396,1.137,0.557,1.216,0.194,0.502,0.791,0.567,0.614,0.280
397,1.124,0.553,1.182,0.195,0.501,0.792,0.567,0.614,0.280
398,1.143,0.563,1.194,0.190,0.501,0.793,0.567,0.614,0.280
399,1.113,0.552,1.160,0.194,0.502,0.792,0.567,0.614,0.280
400,1.138,0.556,1.198,0.193,0.502,0.792,0.567,0.614,0.280
401,1.138,0.552,1.194,0.199,0.502,0.792,0.568,0.614,0.280
402,1.154,0.568,1.203,0.193,0.502,0.792,0.567,0.614,0.280
403,1.135,0.558,1.199,0.198,0.502,0.792,0.567,0.614,0.280
404,1.158,0.563,1.213,0.195,0.501,0.793,0.567,0.614,0.280
405,1.157,0.564,1.208,0.195,0.500,0.794,0.567,0.614,0.280
406,1.118,0.553,1.167,0.191,0.501,0.794,0.567,0.614,0.280
407,1.068,0.530,1.122,0.193,0.502,0.793,0.568,0.615,0.280
408,1.152,0.566,1.192,0.191,0.501,0.793,0.568,0.614,0.280
409,1.120,0.551,1.180,0.193,0.502,0.792,0.568,0.615,0.280
410,1.133,0.553,1.190,0.192,0.503,0.793,0.568,0.615,0.280
411,1.098,0.543,1.145,0.198,0.502,0.792,0.568,0.615,0.280
412,1.100,0.548,1.160,0.191,0.502,0.793,0.568,0.615,0.280
413,1.097,0.550,1.142,0.194,0.502,0.794,0.568,0.615,0.280
414,1.126,0.552,1.195,0.196,0.502,0.793,0.568,0.615,0.280
415,1.155,0.561,1.202,0.195,0.502,0.793,0.568,0.615,0.280
416,1.139,0.556,1.188,0.198,0.502,0.793,0.568,0.615,0.280
417,1.115,0.549,1.167,0.195,0.503,0.793,0.568,0.616,0.280
418,1.122,0.553,1.174,0.195,0.503,0.793,0.568,0.615,0.280
419,1.140,0.557,1.189,0.191,0.502,0.793,0.568,0.615,0.280
420,1.163,0.569,1.214,0.197,0.502,0.794,0.568,0.615,0.280
421,1.148,0.558,1.198,0.197,0.502,0.794,0.568,0.615,0.280
422,1.115,0.546,1.160,0.198,0.501,0.796,0.567,0.615,0.280
423,1.126,0.556,1.176,0.192,0.501,0.797,0.567,0.615,0.280
424,1.136,0.558,1.178,0.195,0.501,0.797,0.567,0.615,0.280
425,1.129,0.561,1.165,0.194,0.501,0.797,0.568,0.615,0.280
426,1.098,0.546,1.163,0.199,0.501,0.796,0.568,0.615,0.280
427,1.131,0.550,1.182,0.192,0.501,0.796,0.568,0.615,0.280
428,1.119,0.552,1.175,0.195,0.500,0.797,0.567,0.615,0.280
429,1.121,0.551,1.187,0.196,0.501,0.796,0.567,0.615,0.280
430,1.119,0.552,1.171,0.199,0.501,0.797,0.568,0.615,0.280
431,1.125,0.559,1.174,0.195,0.501,0.797,0.568,0.616,0.280
432,1.112,0.544,1.160,0.195,0.501,0.798,0.568,0.616,0.280
433,1.121,0.552,1.168,0.194,0.501,0.799,0.568,0.616,0.280
434,1.117,0.551,1.184,0.191,0.500,0.800,0.568,0.616,0.280
435,1.117,0.555,1.161,0.195,0.501,0.799,0.569,0.616,0.280
436,1.124,0.556,1.168,0.195,0.500,0.800,0.568,0.616,0.280
437,1.145,0.564,1.212,0.195,0.501,0.799,0.568,0.616,0.280
438,1.105,0.546,1.142,0.191,0.501,0.798,0.568,0.616,0.280
439,1.107,0.545,1.162,0.191,0.501,0.798,0.568,0.616,0.280
440,1.114,0.556,1.142,0.189,0.502,0.798,0.568,0.616,0.280
441,1.131,0.558,1.201,0.195,0.502,0.798,0.568,0.616,0.280
442,1.161,0.574,1.210,0.190,0.502,0.797,0.569,0.616,0.280
443,1.161,0.574,1.200,0.193,0.502,0.798,0.568,0.616,0.280
444,1.064,0.534,1.121,0.195,0.502,0.798,0.569,0.616,0.280
445,1.158,0.570,1.200,0.196,0.502,0.797,0.568,0.616,0.280
446,1.118,0.544,1.146,0.199,0.502,0.798,0.569,0.617,0.280
447,1.141,0.563,1.196,0.192,0.503,0.798,0.569,0.617,0.280
448,1.128,0.563,1.175,0.199,0.502,0.798,0.569,0.617,0.280
449,1.141,0.561,1.183,0.195,0.503,0.797,0.569,0.617,0.280
450,1.100,0.544,1.137,0.197,0.502,0.797,0.569,0.616,0.280
451,1.119,0.552,1.190,0.198,0.502,0.798,0.569,0.616,0.280
452,1.121,0.554,1.176,0.191,0.502,0.799,0.569,0.616,0.281
453,1.113,0.549,1.160,0.194,0.503,0.797,0.569,0.617,0.281
454,1.140,0.557,1.190,0.194,0.503,0.797,0.569,0.617,0.281
455,1.122,0.554,1.189,0.196,0.503,0.797,0.569,0.617,0.280
456,1.132,0.555,1.175,0.193,0.504,0.795,0.569,0.617,0.281
457,1.144,0.561,1.188,0.192,0.504,0.795,0.569,0.617,0.281
458,1.144,0.556,1.190,0.191,0.504,0.796,0.569,0.617,0.281
459,1.116,0.551,1.182,0.192,0.503,0.797,0.568,0.617,0.281
460,1.123,0.553,1.196,0.194,0.503,0.798,0.569,0.617,0.281
461,1.148,0.562,1.194,0.194,0.502,0.799,0.569,0.617,0.281
462,1.131,0.564,1.191,0.191,0.502,0.799,0.569,0.617,0.281
463,1.119,0.553,1.158,0.187,0.503,0.799,0.569,0.617,0.281
464,1.120,0.546,1.178,0.193,0.502,0.799,0.569,0.617,0.281
465,1.163,0.572,1.226,0.189,0.502,0.798,0.569,0.617,0.281
466,1.111,0.554,1.145,0.190,0.503,0.798,0.569,0.617,0.281
467,1.100,0.545,1.162,0.199,0.502,0.799,0.568,0.616,0.281
468,1.127,0.556,1.180,0.192,0.502,0.799,0.568,0.617,0.281
469,1.162,0.571,1.201,0.195,0.502,0.799,0.568,0.617,0.281
470,1.125,0.554,1.171,0.191,0.503,0.796,0.568,0.616,0.281
471,1.166,0.569,1.211,0.190,0.502,0.797,0.568,0.616,0.281
472,1.124,0.552,1.168,0.194,0.501,0.798,0.568,0.616,0.281
473,1.116,0.550,1.179,0.198,0.502,0.797,0.568,0.616,0.281
474,1.139,0.561,1.191,0.194,0.502,0.798,0.568,0.616,0.281
475,1.128,0.553,1.187,0.194,0.502,0.797,0.568,0.616,0.281
476,1.125,0.546,1.190,0.196,0.502,0.798,0.568,0.617,0.281
477,1.113,0.551,1.164,0.194,0.502,0.799,0.569,0.617,0.281
478,1.161,0.565,1.208,0.193,0.503,0.798,0.569,0.617,0.281
479,1.094,0.541,1.140,0.196,0.503,0.798,0.569,0.617,0.281
480,1.123,0.558,1.160,0.193,0.504,0.797,0.569,0.617,0.281
481,1.110,0.544,1.175,0.191,0.503,0.797,0.569,0.617,0.281
482,1.133,0.556,1.193,0.190,0.503,0.798,0.569,0.617,0.281
483,1.112,0.551,1.166,0.190,0.503,0.799,0.569,0.617,0.281
484,1.152,0.565,1.204,0.194,0.503,0.798,0.569,0.617,0.281
485,1.095,0.550,1.134,0.195,0.502,0.799,0.569,0.617,0.281
486,1.148,0.557,1.199,0.191,0.503,0.799,0.570,0.617,0.281
487,1.110,0.546,1.170,0.195,0.503,0.797,0.570,0.617,0.281
488,1.101,0.547,1.152,0.193,0.503,0.798,0.570,0.617,0.281
489,1.106,0.551,1.158,0.194,0.503,0.798,0.570,0.617,0.281
490,1.135,0.560,1.206,0.191,0.503,0.798,0.570,0.617,0.281
491,1.100,0.549,1.155,0.193,0.503,0.798,0.570,0.617,0.281
492,1.132,0.562,1.193,0.197,0.503,0.798,0.570,0.617,0.281
493,1.102,0.545,1.146,0.191,0.503,0.799,0.570,0.617,0.281
494,1.121,0.558,1.166,0.198,0.503,0.797,0.570,0.617,0.281
495,1.162,0.574,1.204,0.189,0.504,0.796,0.570,0.617,0.281
496,1.088,0.544,1.138,0.191,0.504,0.797,0.569,0.617,0.281
497,1.133,0.561,1.173,0.193,0.503,0.798,0.570,0.617,0.281
498,1.137,0.562,1.173,0.194,0.503,0.799,0.570,0.617,0.281
499,1.140,0.556,1.182,0.198,0.504,0.798,0.570,0.618,0.282
500,1.085,0.537,1.131,0.195,0.503,0.801,0.570,0.618,0.282
501,1.111,0.548,1.159,0.199,0.503,0.800,0.571,0.618,0.282
502,1.103,0.540,1.158,0.192,0.503,0.799,0.570,0.618,0.282
503,1.130,0.558,1.181,0.192,0.504,0.798,0.571,0.618,0.282
504,1.102,0.553,1.145,0.191,0.503,0.800,0.571,0.618,0.282
505,1.100,0.543,1.143,0.195,0.503,0.800,0.571,0.618,0.282
506,1.131,0.559,1.180,0.190,0.503,0.800,0.571,0.618,0.282
507,1.113,0.556,1.148,0.192,0.503,0.799,0.571,0.618,0.282
508,1.152,0.566,1.191,0.191,0.504,0.800,0.571,0.618,0.282
509,1.074,0.535,1.113,0.192,0.503,0.799,0.571,0.618,0.282
510,1.137,0.562,1.189,0.195,0.503,0.799,0.571,0.618,0.282
511,1.122,0.560,1.164,0.196,0.503,0.799,0.571,0.618,0.282
512,1.105,0.549,1.150,0.195,0.503,0.799,0.571,0.618,0.282
513,1.115,0.549,1.156,0.195,0.503,0.799,0.571,0.617,0.282
514,1.129,0.554,1.151,0.191,0.504,0.797,0.571,0.617,0.282
515,1.118,0.550,1.174,0.194,0.504,0.796,0.571,0.618,0.282
516,1.131,0.557,1.182,0.194,0.504,0.796,0.571,0.617,0.282
517,1.102,0.544,1.144,0.191,0.504,0.797,0.571,0.617,0.282
518,1.134,0.561,1.173,0.192,0.504,0.796,0.571,0.617,0.283
519,1.107,0.550,1.160,0.194,0.504,0.794,0.571,0.617,0.283
520,1.133,0.556,1.191,0.191,0.504,0.794,0.571,0.617,0.283
521,1.164,0.569,1.209,0.197,0.505,0.794,0.571,0.617,0.283
522,1.110,0.549,1.168,0.195,0.504,0.795,0.571,0.617,0.283
523,1.125,0.553,1.173,0.193,0.505,0.793,0.571,0.617,0.283
524,1.132,0.562,1.175,0.193,0.505,0.793,0.571,0.617,0.283
525,1.143,0.572,1.160,0.189,0.505,0.793,0.570,0.617,0.283
526,1.125,0.549,1.178,0.193,0.505,0.793,0.571,0.617,0.283
527,1.102,0.544,1.128,0.193,0.506,0.792,0.571,0.617,0.283
528,1.134,0.560,1.173,0.190,0.506,0.792,0.571,0.617,0.283
529,1.123,0.555,1.175,0.192,0.506,0.792,0.571,0.618,0.283
530,1.154,0.568,1.194,0.191,0.506,0.792,0.571,0.617,0.283
531,1.127,0.559,1.161,0.191,0.506,0.792,0.571,0.618,0.283
532,1.128,0.557,1.175,0.195,0.505,0.793,0.572,0.617,0.283
533,1.111,0.551,1.148,0.193,0.505,0.795,0.571,0.618,0.283
534,1.154,0.562,1.196,0.196,0.505,0.795,0.572,0.618,0.283
535,1.133,0.559,1.207,0.194,0.506,0.792,0.572,0.618,0.283
536,1.119,0.553,1.175,0.192,0.506,0.793,0.572,0.618,0.283
537,1.106,0.545,1.148,0.194,0.507,0.791,0.572,0.618,0.283
538,1.122,0.558,1.147,0.192,0.506,0.793,0.572,0.618,0.283
539,1.103,0.547,1.138,0.191,0.506,0.793,0.572,0.618,0.283
540,1.114,0.546,1.159,0.190,0.506,0.793,0.572,0.618,0.283
541,1.118,0.556,1.178,0.193,0.506,0.794,0.571,0.618,0.283
542,1.081,0.537,1.139,0.196,0.506,0.794,0.571,0.618,0.283
543,1.121,0.559,1.164,0.191,0.506,0.794,0.571,0.618,0.283
544,1.140,0.558,1.189,0.195,0.506,0.793,0.571,0.618,0.283
545,1.109,0.546,1.130,0.193,0.506,0.792,0.571,0.617,0.283
546,1.145,0.565,1.183,0.191,0.506,0.793,0.571,0.618,0.283
547,1.123,0.554,1.168,0.198,0.506,0.795,0.571,0.618,0.283
548,1.096,0.544,1.164,0.197,0.506,0.794,0.571,0.618,0.283
549,1.152,0.564,1.200,0.190,0.506,0.795,0.572,0.619,0.283
550,1.120,0.556,1.202,0.197,0.505,0.796,0.571,0.618,0.283
551,1.102,0.548,1.145,0.193,0.506,0.797,0.572,0.619,0.283
552,1.129,0.555,1.158,0.191,0.506,0.796,0.572,0.619,0.283
553,1.117,0.550,1.156,0.190,0.505,0.797,0.572,0.618,0.283
554,1.179,0.577,1.228,0.189,0.506,0.795,0.572,0.619,0.283
555,1.111,0.551,1.167,0.200,0.506,0.796,0.572,0.618,0.283
556,1.068,0.535,1.116,0.195,0.506,0.796,0.572,0.618,0.283
557,1.110,0.550,1.142,0.198,0.506,0.796,0.572,0.619,0.283
558,1.143,0.562,1.177,0.195,0.506,0.794,0.572,0.619,0.283
559,1.147,0.562,1.181,0.189,0.507,0.793,0.572,0.619,0.283
560,1.080,0.536,1.115,0.196,0.507,0.793,0.572,0.618,0.283
561,1.081,0.536,1.129,0.194,0.507,0.793,0.572,0.619,0.283
562,1.097,0.547,1.152,0.196,0.507,0.792,0.571,0.618,0.283
563,1.105,0.547,1.151,0.196,0.507,0.793,0.572,0.618,0.284
564,1.120,0.559,1.160,0.191,0.506,0.794,0.572,0.618,0.283
565,1.174,0.573,1.235,0.199,0.507,0.793,0.572,0.619,0.284
566,1.144,0.563,1.181,0.192,0.507,0.794,0.572,0.619,0.283
567,1.137,0.564,1.183,0.193,0.507,0.795,0.572,0.619,0.284
568,1.088,0.542,1.124,0.196,0.507,0.794,0.572,0.619,0.284
569,1.143,0.558,1.188,0.197,0.507,0.795,0.572,0.619,0.284
570,1.122,0.558,1.163,0.195,0.507,0.794,0.572,0.619,0.284
571,1.116,0.547,1.163,0.191,0.507,0.795,0.572,0.619,0.284
572,1.098,0.546,1.143,0.195,0.507,0.795,0.572,0.619,0.284
573,1.097,0.548,1.153,0.195,0.507,0.794,0.572,0.619,0.283
574,1.113,0.551,1.152,0.194,0.507,0.794,0.572,0.619,0.283
575,1.111,0.547,1.173,0.198,0.506,0.795,0.572,0.619,0.284
576,1.124,0.561,1.160,0.192,0.506,0.794,0.572,0.619,0.284
577,1.085,0.542,1.140,0.193,0.506,0.795,0.572,0.619,0.284
578,1.132,0.556,1.196,0.194,0.507,0.795,0.572,0.619,0.284
579,1.144,0.563,1.179,0.191,0.507,0.795,0.572,0.619,0.284
580,1.090,0.544,1.138,0.192,0.507,0.795,0.572,0.619,0.284
581,1.089,0.545,1.114,0.191,0.507,0.796,0.572,0.619,0.284
582,1.107,0.549,1.145,0.191,0.507,0.795,0.572,0.619,0.284
583,1.134,0.555,1.175,0.189,0.507,0.796,0.572,0.619,0.284
584,1.130,0.558,1.159,0.192,0.506,0.797,0.572,0.619,0.284
585,1.109,0.548,1.145,0.194,0.506,0.796,0.572,0.619,0.284
586,1.144,0.561,1.168,0.193,0.506,0.796,0.572,0.619,0.284
587,1.073,0.539,1.108,0.194,0.506,0.795,0.572,0.619,0.284
588,1.107,0.550,1.126,0.192,0.506,0.797,0.572,0.619,0.284
589,1.100,0.546,1.129,0.191,0.505,0.798,0.572,0.619,0.284
590,1.092,0.540,1.153,0.196,0.506,0.796,0.573,0.619,0.284
591,1.109,0.550,1.144,0.197,0.505,0.799,0.573,0.619,0.284
592,1.104,0.543,1.133,0.193,0.505,0.798,0.573,0.619,0.284
593,1.127,0.560,1.159,0.190,0.505,0.799,0.573,0.619,0.284
594,1.099,0.547,1.131,0.193,0.505,0.799,0.573,0.619,0.284
595,1.178,0.579,1.222,0.186,0.504,0.801,0.573,0.619,0.284
596,1.095,0.542,1.134,0.193,0.505,0.799,0.573,0.619,0.284
597,1.130,0.559,1.167,0.192,0.505,0.801,0.573,0.619,0.284
598,1.074,0.541,1.111,0.193,0.505,0.799,0.573,0.619,0.285
599,1.121,0.552,1.183,0.195,0.505,0.800,0.573,0.619,0.284
600,1.126,0.550,1.174,0.197,0.506,0.799,0.573,0.619,0.285
601,1.126,0.555,1.162,0.197,0.506,0.799,0.574,0.620,0.285
602,1.134,0.564,1.163,0.190,0.506,0.796,0.573,0.619,0.284
603,1.108,0.552,1.146,0.193,0.506,0.797,0.573,0.619,0.284
604,1.090,0.537,1.144,0.199,0.506,0.797,0.573,0.619,0.284
605,1.119,0.553,1.175,0.193,0.507,0.796,0.574,0.620,0.284
606,1.118,0.552,1.156,0.194,0.507,0.796,0.574,0.620,0.284
607,1.115,0.554,1.150,0.194,0.507,0.796,0.574,0.619,0.284
608,1.085,0.540,1.133,0.194,0.507,0.795,0.573,0.619,0.284
609,1.117,0.558,1.181,0.191,0.506,0.796,0.573,0.619,0.284
610,1.139,0.566,1.174,0.190,0.506,0.797,0.574,0.619,0.285
611,1.116,0.549,1.149,0.192,0.507,0.795,0.574,0.619,0.285
612,1.124,0.557,1.175,0.193,0.507,0.795,0.574,0.619,0.285
613,1.134,0.555,1.198,0.199,0.508,0.794,0.574,0.620,0.285
614,1.157,0.564,1.196,0.190,0.507,0.795,0.574,0.619,0.284
615,1.120,0.552,1.163,0.193,0.507,0.796,0.574,0.619,0.285
616,1.138,0.556,1.179,0.191,0.507,0.797,0.574,0.619,0.285
617,1.099,0.547,1.136,0.192,0.507,0.796,0.574,0.620,0.285
618,1.096,0.551,1.131,0.193,0.507,0.796,0.574,0.619,0.285
619,1.097,0.546,1.151,0.191,0.508,0.795,0.574,0.620,0.285
620,1.131,0.553,1.169,0.192,0.508,0.796,0.574,0.620,0.285
621,1.133,0.561,1.178,0.195,0.508,0.795,0.574,0.620,0.285
622,1.106,0.546,1.146,0.196,0.508,0.793,0.574,0.620,0.285
623,1.135,0.556,1.173,0.195,0.508,0.794,0.574,0.620,0.285
624,1.139,0.560,1.171,0.192,0.509,0.792,0.574,0.620,0.285
625,1.135,0.564,1.162,0.190,0.509,0.793,0.574,0.620,0.285
626,1.151,0.566,1.187,0.189,0.509,0.793,0.574,0.620,0.285
627,1.077,0.538,1.117,0.193,0.510,0.793,0.575,0.621,0.285
628,1.112,0.558,1.148,0.188,0.510,0.790,0.574,0.620,0.285
629,1.155,0.569,1.202,0.191,0.510,0.790,0.574,0.620,0.285
630,1.127,0.556,1.160,0.190,0.510,0.791,0.575,0.620,0.285
631,1.119,0.554,1.155,0.189,0.510,0.792,0.575,0.621,0.285
632,1.141,0.560,1.205,0.193,0.510,0.792,0.575,0.621,0.285
633,1.105,0.552,1.138,0.188,0.511,0.791,0.575,0.621,0.285
634,1.076,0.541,1.111,0.193,0.511,0.792,0.575,0.621,0.285
635,1.094,0.541,1.149,0.195,0.511,0.791,0.575,0.621,0.285
636,1.127,0.553,1.174,0.193,0.511,0.792,0.575,0.621,0.285
637,1.136,0.560,1.155,0.192,0.510,0.792,0.575,0.621,0.285
638,1.128,0.558,1.170,0.192,0.510,0.793,0.575,0.621,0.285
639,1.130,0.559,1.178,0.191,0.510,0.793,0.575,0.621,0.285
640,1.102,0.549,1.153,0.188,0.509,0.793,0.575,0.620,0.285
641,1.123,0.554,1.172,0.193,0.509,0.793,0.574,0.620,0.285
642,1.128,0.557,1.154,0.190,0.509,0.793,0.575,0.620,0.285
643,1.121,0.555,1.159,0.192,0.509,0.792,0.575,0.620,0.285
644,1.066,0.528,1.095,0.193,0.509,0.792,0.575,0.620,0.285
645,1.111,0.548,1.152,0.194,0.509,0.792,0.575,0.620,0.285
646,1.102,0.554,1.142,0.190,0.510,0.792,0.575,0.620,0.285
647,1.121,0.549,1.178,0.198,0.509,0.793,0.575,0.620,0.285
648,1.098,0.546,1.153,0.193,0.509,0.793,0.575,0.620,0.285
649,1.119,0.555,1.155,0.190,0.509,0.794,0.575,0.620,0.285
650,1.139,0.560,1.179,0.190,0.510,0.793,0.575,0.621,0.285
651,1.129,0.559,1.163,0.192,0.510,0.791,0.575,0.620,0.285
652,1.105,0.545,1.149,0.194,0.509,0.794,0.575,0.621,0.285
653,1.102,0.543,1.147,0.192,0.508,0.794,0.575,0.620,0.285
654,1.087,0.544,1.122,0.196,0.508,0.794,0.575,0.620,0.285
655,1.145,0.568,1.175,0.188,0.510,0.793,0.575,0.621,0.285
656,1.122,0.557,1.156,0.193,0.509,0.793,0.575,0.620,0.285
657,1.138,0.556,1.175,0.188,0.509,0.793,0.575,0.620,0.285
658,1.120,0.557,1.160,0.196,0.509,0.794,0.576,0.621,0.285
659,1.061,0.532,1.102,0.195,0.508,0.796,0.575,0.621,0.285
660,1.073,0.533,1.113,0.192,0.508,0.797,0.576,0.620,0.285
661,1.125,0.556,1.171,0.195,0.509,0.795,0.576,0.621,0.285
662,1.116,0.554,1.135,0.193,0.509,0.794,0.576,0.620,0.285
663,1.135,0.565,1.171,0.190,0.510,0.793,0.576,0.621,0.285
664,1.099,0.543,1.151,0.194,0.509,0.795,0.576,0.621,0.285
665,1.139,0.556,1.169,0.195,0.509,0.794,0.576,0.620,0.285
666,1.100,0.551,1.157,0.194,0.509,0.793,0.576,0.620,0.285
667,1.132,0.555,1.160,0.193,0.510,0.792,0.576,0.620,0.285
668,1.050,0.528,1.089,0.195,0.510,0.793,0.576,0.621,0.285
669,1.143,0.568,1.163,0.185,0.511,0.792,0.576,0.621,0.286
670,1.153,0.567,1.166,0.189,0.511,0.792,0.576,0.621,0.286
671,1.076,0.541,1.096,0.190,0.511,0.792,0.576,0.622,0.286
672,1.095,0.545,1.124,0.189,0.511,0.792,0.576,0.621,0.286
673,1.102,0.549,1.149,0.193,0.511,0.792,0.576,0.621,0.286
674,1.134,0.562,1.167,0.192,0.510,0.793,0.576,0.621,0.286
675,1.099,0.548,1.155,0.193,0.510,0.794,0.576,0.621,0.286
676,1.135,0.557,1.173,0.190,0.510,0.794,0.576,0.621,0.286
677,1.102,0.544,1.142,0.197,0.509,0.795,0.576,0.621,0.286
678,1.146,0.562,1.182,0.192,0.509,0.794,0.576,0.621,0.286
679,1.077,0.537,1.107,0.191,0.510,0.793,0.576,0.621,0.286
680,1.128,0.558,1.151,0.188,0.510,0.793,0.576,0.621,0.286
681,1.135,0.556,1.169,0.190,0.510,0.794,0.576,0.621,0.286
682,1.118,0.559,1.139,0.188,0.509,0.795,0.576,0.621,0.286
683,1.107,0.548,1.152,0.192,0.510,0.796,0.576,0.621,0.286
684,1.132,0.563,1.159,0.185,0.510,0.795,0.577,0.622,0.286
685,1.109,0.556,1.124,0.192,0.510,0.794,0.576,0.621,0.286
686,1.051,0.529,1.072,0.196,0.511,0.794,0.576,0.622,0.286
687,1.123,0.552,1.174,0.201,0.510,0.797,0.577,0.622,0.286
688,1.107,0.556,1.144,0.189,0.510,0.795,0.576,0.622,0.286
689,1.108,0.550,1.153,0.192,0.511,0.794,0.576,0.621,0.286
690,1.070,0.533,1.132,0.199,0.510,0.796,0.576,0.622,0.286
691,1.116,0.553,1.157,0.190,0.511,0.795,0.576,0.622,0.286
692,1.127,0.554,1.160,0.193,0.509,0.798,0.576,0.621,0.286
693,1.110,0.550,1.151,0.192,0.509,0.799,0.576,0.622,0.286
694,1.086,0.537,1.125,0.194,0.510,0.797,0.576,0.622,0.287
695,1.091,0.542,1.136,0.195,0.509,0.798,0.576,0.622,0.287
696,1.120,0.561,1.158,0.191,0.508,0.800,0.576,0.621,0.287
697,1.072,0.540,1.100,0.188,0.508,0.799,0.576,0.621,0.287
698,1.118,0.555,1.148,0.191,0.508,0.800,0.576,0.622,0.287
699,1.077,0.538,1.091,0.191,0.508,0.801,0.576,0.622,0.287
700,1.145,0.569,1.162,0.187,0.508,0.803,0.576,0.622,0.287
701,1.141,0.568,1.157,0.189,0.507,0.803,0.576,0.622,0.287
702,1.123,0.559,1.144,0.190,0.507,0.805,0.576,0.622,0.287
703,1.144,0.566,1.171,0.189,0.507,0.805,0.576,0.622,0.287
704,1.098,0.547,1.126,0.188,0.507,0.804,0.576,0.622,0.287
705,1.079,0.546,1.098,0.190,0.506,0.804,0.575,0.621,0.287
706,1.124,0.564,1.161,0.191,0.507,0.803,0.575,0.622,0.287
707,1.119,0.559,1.146,0.187,0.507,0.803,0.576,0.621,0.287
708,1.103,0.548,1.134,0.192,0.507,0.804,0.576,0.622,0.287
709,1.091,0.549,1.119,0.190,0.507,0.805,0.577,0.622,0.287
710,1.139,0.558,1.206,0.194,0.509,0.803,0.577,0.623,0.287
711,1.101,0.552,1.157,0.192,0.509,0.803,0.577,0.623,0.287
712,1.093,0.543,1.138,0.194,0.508,0.803,0.576,0.623,0.287
713,1.104,0.548,1.133,0.191,0.509,0.802,0.577,0.623,0.287
714,1.103,0.552,1.125,0.189,0.509,0.802,0.576,0.623,0.287
715,1.130,0.561,1.165,0.192,0.509,0.803,0.577,0.623,0.287
716,1.096,0.548,1.132,0.195,0.508,0.803,0.577,0.623,0.287
717,1.083,0.543,1.102,0.191,0.509,0.803,0.577,0.623,0.286
718,1.125,0.559,1.156,0.187,0.509,0.801,0.577,0.623,0.287
719,1.116,0.552,1.153,0.191,0.509,0.801,0.577,0.623,0.287
720,1.119,0.553,1.170,0.190,0.509,0.801,0.577,0.623,0.286
721,1.056,0.533,1.101,0.192,0.509,0.801,0.577,0.623,0.287
722,1.067,0.534,1.088,0.193,0.509,0.802,0.577,0.622,0.287
723,1.091,0.542,1.136,0.195,0.509,0.802,0.577,0.623,0.287
724,1.110,0.549,1.165,0.193,0.509,0.801,0.577,0.622,0.286
725,1.105,0.553,1.137,0.192,0.509,0.800,0.577,0.622,0.286
726,1.099,0.547,1.121,0.193,0.508,0.800,0.577,0.622,0.286
727,1.117,0.552,1.149,0.189,0.509,0.801,0.577,0.622,0.286
728,1.099,0.553,1.109,0.192,0.508,0.802,0.577,0.622,0.286
729,1.083,0.541,1.106,0.189,0.508,0.802,0.577,0.622,0.286
730,1.099,0.550,1.132,0.194,0.508,0.802,0.577,0.622,0.286
731,1.107,0.547,1.144,0.192,0.508,0.802,0.577,0.622,0.286
732,1.117,0.557,1.145,0.194,0.508,0.803,0.577,0.623,0.287
733,1.092,0.546,1.132,0.190,0.508,0.804,0.577,0.622,0.287
734,1.096,0.548,1.143,0.189,0.508,0.803,0.577,0.623,0.287
735,1.121,0.555,1.146,0.191,0.509,0.802,0.578,0.623,0.287
736,1.087,0.544,1.107,0.190,0.509,0.803,0.578,0.623,0.287
737,1.113,0.552,1.156,0.190,0.510,0.803,0.578,0.623,0.287
738,1.095,0.546,1.138,0.193,0.509,0.805,0.578,0.624,0.287
739,1.109,0.550,1.158,0.189,0.509,0.804,0.578,0.624,0.287
740,1.143,0.564,1.198,0.190,0.510,0.802,0.578,0.624,0.287
741,1.100,0.553,1.110,0.190,0.510,0.801,0.578,0.623,0.287
742,1.053,0.529,1.102,0.192,0.510,0.801,0.578,0.623,0.287
743,1.117,0.554,1.150,0.189,0.511,0.799,0.578,0.623,0.287
744,1.103,0.548,1.131,0.188,0.511,0.800,0.578,0.624,0.287
745,1.123,0.559,1.157,0.187,0.512,0.799,0.579,0.624,0.287
746,1.129,0.555,1.142,0.186,0.511,0.800,0.579,0.623,0.287
747,1.067,0.539,1.104,0.192,0.510,0.801,0.578,0.623,0.287
748,1.115,0.551,1.137,0.189,0.511,0.799,0.579,0.623,0.287
749,1.083,0.544,1.102,0.186,0.512,0.797,0.579,0.623,0.288
750,1.137,0.569,1.163,0.187,0.511,0.801,0.579,0.624,0.288
751,1.068,0.535,1.097,0.190,0.511,0.800,0.579,0.624,0.288
752,1.105,0.548,1.130,0.187,0.512,0.799,0.579,0.624,0.288
753,1.150,0.564,1.175,0.189,0.511,0.799,0.579,0.624,0.288
754,1.119,0.555,1.131,0.188,0.512,0.798,0.579,0.624,0.288
755,1.089,0.542,1.122,0.191,0.513,0.797,0.579,0.624,0.287
756,1.140,0.566,1.165,0.187,0.513,0.797,0.579,0.624,0.287
757,1.097,0.552,1.119,0.194,0.513,0.798,0.579,0.625,0.287
758,1.096,0.549,1.113,0.191,0.514,0.797,0.580,0.625,0.287
759,1.114,0.555,1.131,0.189,0.514,0.796,0.580,0.625,0.288
760,1.083,0.541,1.116,0.191,0.515,0.794,0.580,0.625,0.288
761,1.113,0.554,1.136,0.190,0.515,0.795,0.580,0.625,0.288
762,1.129,0.560,1.156,0.188,0.515,0.793,0.579,0.624,0.287
763,1.144,0.564,1.174,0.187,0.514,0.795,0.579,0.624,0.287
764,1.077,0.543,1.109,0.191,0.514,0.796,0.580,0.625,0.287
765,1.097,0.549,1.123,0.188,0.514,0.796,0.580,0.625,0.288
766,1.090,0.550,1.109,0.185,0.513,0.798,0.579,0.624,0.287
767,1.138,0.560,1.192,0.191,0.513,0.797,0.579,0.624,0.287
768,1.086,0.540,1.119,0.193,0.513,0.797,0.579,0.624,0.287
769,1.101,0.549,1.126,0.191,0.512,0.799,0.579,0.624,0.287
770,1.062,0.534,1.090,0.197,0.512,0.798,0.579,0.624,0.287
771,1.117,0.554,1.164,0.195,0.512,0.799,0.579,0.624,0.287
772,1.062,0.532,1.112,0.189,0.512,0.798,0.579,0.624,0.287
773,1.108,0.554,1.127,0.189,0.512,0.799,0.579,0.624,0.287
774,1.087,0.545,1.103,0.190,0.511,0.801,0.579,0.624,0.287
775,1.083,0.537,1.127,0.193,0.512,0.800,0.579,0.625,0.287
776,1.091,0.544,1.123,0.189,0.512,0.800,0.579,0.625,0.287
777,1.078,0.539,1.103,0.188,0.513,0.798,0.580,0.625,0.287
778,1.084,0.547,1.108,0.190,0.512,0.800,0.580,0.625,0.287
779,1.111,0.555,1.142,0.189,0.512,0.800,0.579,0.624,0.287
780,1.074,0.541,1.106,0.190,0.512,0.800,0.579,0.624,0.287
781,1.077,0.540,1.113,0.190,0.512,0.800,0.579,0.624,0.287
782,1.092,0.544,1.118,0.190,0.511,0.801,0.579,0.624,0.287
783,1.091,0.548,1.121,0.187,0.512,0.799,0.579,0.624,0.287
784,1.095,0.546,1.131,0.191,0.512,0.800,0.579,0.624,0.287
785,1.100,0.551,1.120,0.191,0.512,0.800,0.579,0.624,0.288
786,1.063,0.533,1.079,0.190,0.513,0.798,0.579,0.624,0.288
787,1.094,0.554,1.131,0.189,0.513,0.798,0.579,0.624,0.287
788,1.123,0.557,1.156,0.190,0.512,0.800,0.579,0.624,0.288
789,1.081,0.542,1.099,0.190,0.512,0.801,0.579,0.625,0.288
790,1.052,0.535,1.080,0.191,0.511,0.801,0.579,0.624,0.288
791,1.086,0.543,1.131,0.185,0.512,0.801,0.579,0.624,0.288
792,1.107,0.552,1.146,0.191,0.512,0.801,0.579,0.625,0.288
793,1.100,0.541,1.146,0.194,0.512,0.801,0.579,0.625,0.288
794,1.080,0.541,1.126,0.190,0.512,0.803,0.579,0.625,0.288
795,1.071,0.537,1.114,0.190,0.512,0.803,0.579,0.625,0.288
796,1.172,0.582,1.177,0.184,0.512,0.803,0.580,0.625,0.288
797,1.072,0.543,1.110,0.192,0.512,0.802,0.580,0.625,0.288
798,1.097,0.549,1.122,0.194,0.512,0.803,0.580,0.625,0.288
799,1.093,0.549,1.119,0.188,0.512,0.802,0.580,0.625,0.288
800,1.112,0.558,1.131,0.189,0.513,0.802,0.580,0.625,0.288
801,1.128,0.557,1.138,0.188,0.512,0.803,0.580,0.625,0.288
802,1.093,0.548,1.121,0.191,0.512,0.804,0.579,0.625,0.288
803,1.120,0.555,1.155,0.189,0.512,0.802,0.580,0.625,0.288
804,1.125,0.554,1.158,0.191,0.512,0.802,0.580,0.625,0.288
805,1.111,0.554,1.147,0.190,0.512,0.802,0.580,0.626,0.288
806,1.074,0.545,1.091,0.189,0.512,0.802,0.580,0.625,0.288
807,1.104,0.555,1.121,0.191,0.512,0.803,0.580,0.625,0.288
808,1.132,0.558,1.162,0.192,0.512,0.802,0.580,0.625,0.288
809,1.088,0.555,1.127,0.189,0.513,0.802,0.580,0.626,0.288
810,1.095,0.545,1.103,0.192,0.513,0.802,0.580,0.626,0.288
811,1.111,0.552,1.150,0.189,0.514,0.800,0.580,0.626,0.288
812,1.075,0.537,1.101,0.189,0.514,0.799,0.581,0.626,0.288
813,1.073,0.542,1.103,0.189,0.514,0.801,0.580,0.626,0.288
814,1.090,0.542,1.111,0.190,0.514,0.800,0.581,0.626,0.289
815,1.105,0.548,1.133,0.192,0.514,0.800,0.581,0.626,0.288
816,1.118,0.558,1.129,0.189,0.515,0.799,0.581,0.626,0.288
817,1.103,0.552,1.122,0.192,0.515,0.797,0.581,0.626,0.288
818,1.100,0.554,1.130,0.189,0.515,0.799,0.581,0.626,0.288
819,1.114,0.553,1.135,0.187,0.515,0.798,0.581,0.626,0.289
820,1.119,0.560,1.150,0.188,0.515,0.797,0.580,0.626,0.288
821,1.079,0.544,1.108,0.191,0.514,0.800,0.581,0.626,0.288
822,1.132,0.564,1.155,0.192,0.515,0.799,0.581,0.626,0.288
823,1.105,0.550,1.127,0.190,0.514,0.801,0.581,0.626,0.289
824,1.050,0.534,1.064,0.190,0.513,0.802,0.581,0.626,0.289
825,1.138,0.569,1.155,0.181,0.513,0.802,0.581,0.626,0.289
826,1.083,0.547,1.102,0.188,0.514,0.802,0.581,0.626,0.289
827,1.098,0.543,1.112,0.188,0.513,0.804,0.581,0.626,0.289
828,1.091,0.548,1.117,0.191,0.513,0.803,0.581,0.626,0.289
829,1.056,0.533,1.070,0.189,0.514,0.802,0.581,0.626,0.288
830,1.023,0.521,1.046,0.191,0.514,0.802,0.581,0.626,0.288
831,1.067,0.539,1.093,0.189,0.513,0.803,0.581,0.626,0.288
832,1.161,0.574,1.179,0.183,0.513,0.803,0.581,0.626,0.288
833,1.075,0.544,1.101,0.191,0.513,0.802,0.581,0.626,0.289
834,1.070,0.534,1.115,0.193,0.513,0.802,0.581,0.626,0.289
835,1.096,0.550,1.126,0.189,0.513,0.803,0.581,0.626,0.289
836,1.052,0.531,1.083,0.193,0.514,0.802,0.581,0.626,0.289
837,1.081,0.547,1.098,0.188,0.513,0.806,0.582,0.627,0.289
838,1.090,0.552,1.117,0.189,0.512,0.807,0.582,0.627,0.289
839,1.081,0.547,1.111,0.189,0.511,0.809,0.582,0.627,0.289
840,1.080,0.544,1.105,0.189,0.512,0.806,0.582,0.627,0.289
841,1.099,0.549,1.119,0.190,0.513,0.804,0.582,0.627,0.289
842,1.094,0.547,1.128,0.190,0.513,0.804,0.582,0.627,0.289
843,1.098,0.551,1.123,0.189,0.514,0.802,0.582,0.627,0.289
844,1.089,0.546,1.133,0.190,0.514,0.802,0.582,0.627,0.289
845,1.093,0.544,1.123,0.189,0.513,0.807,0.582,0.627,0.289
846,1.132,0.565,1.146,0.187,0.513,0.807,0.582,0.627,0.289
847,1.106,0.553,1.116,0.186,0.513,0.805,0.582,0.627,0.289
848,1.098,0.551,1.115,0.190,0.513,0.805,0.582,0.627,0.289
849,1.075,0.537,1.100,0.188,0.514,0.805,0.582,0.627,0.289
850,1.091,0.547,1.123,0.187,0.514,0.804,0.581,0.627,0.289
851,1.071,0.537,1.102,0.194,0.514,0.805,0.582,0.627,0.289
852,1.076,0.537,1.106,0.193,0.513,0.804,0.581,0.627,0.289
853,1.087,0.545,1.113,0.187,0.513,0.804,0.581,0.627,0.289
854,1.084,0.545,1.126,0.189,0.514,0.803,0.581,0.627,0.289
855,1.090,0.547,1.123,0.192,0.514,0.803,0.581,0.627,0.289
856,1.072,0.544,1.094,0.189,0.514,0.802,0.581,0.627,0.289
857,1.076,0.538,1.093,0.189,0.514,0.801,0.581,0.627,0.289
858,1.089,0.552,1.122,0.190,0.514,0.802,0.582,0.627,0.289
859,1.028,0.515,1.050,0.195,0.514,0.802,0.581,0.626,0.289
860,1.091,0.544,1.117,0.192,0.514,0.802,0.582,0.626,0.289
861,1.081,0.548,1.106,0.185,0.514,0.801,0.581,0.626,0.289
862,1.096,0.552,1.133,0.189,0.514,0.801,0.582,0.626,0.289
863,1.068,0.540,1.098,0.191,0.515,0.801,0.582,0.627,0.289
864,1.093,0.548,1.121,0.186,0.514,0.801,0.582,0.626,0.289
865,1.131,0.566,1.159,0.185,0.515,0.801,0.582,0.627,0.289
866,1.094,0.551,1.107,0.187,0.514,0.802,0.582,0.627,0.289
867,1.123,0.564,1.126,0.186,0.515,0.800,0.582,0.627,0.289
868,1.062,0.535,1.091,0.190,0.514,0.801,0.582,0.626,0.289
869,1.083,0.544,1.097,0.187,0.514,0.801,0.582,0.626,0.289
870,1.060,0.535,1.085,0.191,0.514,0.802,0.582,0.626,0.289
871,1.134,0.560,1.147,0.191,0.514,0.801,0.582,0.626,0.289
872,1.094,0.543,1.123,0.191,0.514,0.802,0.582,0.626,0.289
873,1.073,0.542,1.076,0.189,0.513,0.803,0.582,0.626,0.289
874,1.065,0.531,1.094,0.193,0.513,0.805,0.582,0.626,0.289
875,1.052,0.537,1.069,0.187,0.513,0.804,0.582,0.626,0.289
876,1.089,0.546,1.103,0.190,0.513,0.804,0.582,0.626,0.289
877,1.101,0.552,1.123,0.190,0.513,0.803,0.582,0.626,0.289
878,1.081,0.539,1.112,0.190,0.514,0.802,0.582,0.627,0.289
879,1.072,0.537,1.097,0.193,0.514,0.803,0.582,0.627,0.289
880,1.084,0.542,1.113,0.187,0.513,0.804,0.582,0.627,0.289
881,1.171,0.580,1.173,0.186,0.514,0.803,0.582,0.627,0.289
882,1.054,0.534,1.079,0.189,0.513,0.805,0.582,0.627,0.289
883,1.085,0.543,1.125,0.189,0.513,0.804,0.582,0.627,0.290
884,1.073,0.542,1.095,0.190,0.514,0.805,0.582,0.627,0.290
885,1.098,0.544,1.135,0.190,0.513,0.804,0.582,0.627,0.289
886,1.112,0.552,1.134,0.187,0.512,0.806,0.582,0.627,0.289
887,1.098,0.543,1.135,0.193,0.513,0.805,0.582,0.627,0.289
888,1.113,0.558,1.139,0.187,0.512,0.806,0.582,0.627,0.289
889,1.032,0.518,1.061,0.195,0.513,0.806,0.582,0.627,0.289
890,1.089,0.546,1.123,0.194,0.513,0.805,0.582,0.626,0.289
891,1.115,0.562,1.125,0.188,0.513,0.803,0.582,0.626,0.289
892,1.075,0.541,1.099,0.190,0.513,0.804,0.582,0.626,0.289
893,1.089,0.547,1.111,0.187,0.512,0.803,0.582,0.626,0.289
894,1.088,0.551,1.122,0.188,0.512,0.803,0.582,0.626,0.289
895,1.087,0.546,1.094,0.186,0.513,0.802,0.582,0.626,0.289
896,1.104,0.550,1.126,0.189,0.512,0.804,0.582,0.626,0.289
897,1.077,0.544,1.095,0.188,0.512,0.804,0.582,0.626,0.289
898,1.095,0.543,1.123,0.188,0.512,0.803,0.582,0.626,0.289
899,1.085,0.550,1.108,0.185,0.512,0.804,0.582,0.626,0.289
900,1.076,0.544,1.107,0.190,0.513,0.802,0.582,0.625,0.289
901,1.070,0.539,1.091,0.186,0.513,0.802,0.582,0.626,0.289
902,1.108,0.555,1.122,0.186,0.514,0.801,0.582,0.626,0.289
903,1.057,0.534,1.085,0.189,0.513,0.801,0.582,0.626,0.289
904,1.089,0.547,1.113,0.185,0.513,0.801,0.582,0.626,0.289
905,1.075,0.542,1.091,0.189,0.513,0.802,0.582,0.626,0.289
906,1.105,0.551,1.132,0.184,0.513,0.803,0.582,0.626,0.289
907,1.104,0.552,1.132,0.185,0.513,0.804,0.582,0.626,0.289
908,1.094,0.548,1.117,0.192,0.513,0.803,0.582,0.626,0.289
909,1.080,0.550,1.100,0.189,0.513,0.803,0.582,0.626,0.289
910,1.069,0.535,1.130,0.192,0.513,0.803,0.582,0.626,0.289
911,1.129,0.561,1.152,0.188,0.513,0.804,0.582,0.626,0.289
912,1.113,0.560,1.128,0.186,0.513,0.805,0.582,0.626,0.289
913,1.082,0.545,1.100,0.189,0.513,0.805,0.582,0.626,0.289
914,1.058,0.533,1.066,0.187,0.513,0.804,0.582,0.626,0.289
915,1.092,0.547,1.114,0.187,0.513,0.803,0.582,0.626,0.289
916,1.092,0.546,1.114,0.186,0.513,0.804,0.582,0.626,0.289
917,1.115,0.554,1.131,0.187,0.514,0.803,0.582,0.626,0.289
918,1.083,0.543,1.108,0.191,0.514,0.802,0.582,0.626,0.289
919,1.075,0.538,1.105,0.189,0.514,0.801,0.582,0.626,0.289
920,1.089,0.545,1.111,0.188,0.514,0.801,0.582,0.626,0.289
921,1.086,0.545,1.105,0.191,0.513,0.803,0.582,0.626,0.289
922,1.110,0.564,1.135,0.189,0.513,0.804,0.582,0.626,0.289
923,1.102,0.554,1.128,0.190,0.513,0.803,0.582,0.626,0.289
924,1.084,0.547,1.109,0.190,0.513,0.803,0.582,0.626,0.289
925,1.110,0.557,1.132,0.188,0.513,0.804,0.582,0.626,0.289
926,1.058,0.538,1.072,0.188,0.513,0.804,0.582,0.626,0.289
927,1.109,0.559,1.115,0.183,0.513,0.803,0.582,0.626,0.289
928,1.092,0.551,1.115,0.187,0.513,0.803,0.582,0.626,0.289
929,1.084,0.548,1.088,0.185,0.513,0.804,0.582,0.626,0.289
930,1.064,0.539,1.069,0.184,0.513,0.802,0.582,0.626,0.289
931,1.053,0.535,1.067,0.186,0.513,0.803,0.582,0.626,0.289
932,1.100,0.565,1.103,0.185,0.514,0.802,0.582,0.626,0.289
933,1.070,0.533,1.090,0.189,0.514,0.802,0.582,0.626,0.289
934,1.117,0.557,1.125,0.189,0.513,0.803,0.582,0.626,0.289
935,1.069,0.532,1.097,0.190,0.513,0.804,0.582,0.627,0.289
936,1.116,0.556,1.138,0.188,0.513,0.804,0.582,0.627,0.289
937,1.074,0.539,1.097,0.189,0.514,0.804,0.582,0.627,0.290
938,1.058,0.540,1.075,0.189,0.514,0.804,0.583,0.627,0.290
939,1.044,0.530,1.062,0.187,0.514,0.801,0.582,0.627,0.289
940,1.068,0.541,1.086,0.189,0.514,0.802,0.582,0.626,0.290
941,1.085,0.545,1.121,0.185,0.514,0.802,0.582,0.626,0.290
942,1.083,0.550,1.086,0.186,0.514,0.803,0.582,0.627,0.290
943,1.039,0.525,1.071,0.188,0.514,0.803,0.582,0.627,0.290
944,1.097,0.550,1.112,0.189,0.514,0.803,0.582,0.627,0.290
945,1.081,0.546,1.072,0.183,0.514,0.803,0.582,0.627,0.290
946,1.074,0.543,1.095,0.191,0.514,0.802,0.582,0.626,0.290
947,1.099,0.558,1.103,0.184,0.513,0.803,0.582,0.626,0.290
948,1.118,0.558,1.134,0.187,0.513,0.803,0.582,0.627,0.290
949,1.092,0.548,1.114,0.189,0.514,0.804,0.582,0.627,0.290
950,1.113,0.556,1.126,0.189,0.513,0.804,0.582,0.627,0.290
951,1.042,0.530,1.038,0.190,0.515,0.803,0.583,0.627,0.290
952,1.105,0.554,1.127,0.188,0.514,0.805,0.583,0.628,0.290
953,1.043,0.527,1.057,0.189,0.514,0.805,0.583,0.627,0.290
954,1.065,0.539,1.075,0.189,0.514,0.804,0.583,0.627,0.290
955,1.101,0.551,1.104,0.184,0.515,0.804,0.583,0.627,0.290
956,1.108,0.558,1.123,0.188,0.515,0.803,0.583,0.628,0.290
957,1.056,0.539,1.062,0.187,0.515,0.803,0.583,0.627,0.290
958,1.109,0.556,1.106,0.186,0.515,0.802,0.584,0.628,0.290
959,1.122,0.560,1.115,0.184,0.515,0.803,0.583,0.627,0.290
960,1.076,0.539,1.088,0.188,0.515,0.803,0.583,0.627,0.290
961,1.079,0.536,1.074,0.190,0.515,0.803,0.583,0.627,0.290
962,1.089,0.548,1.069,0.185,0.515,0.802,0.583,0.627,0.290
963,1.092,0.552,1.100,0.188,0.514,0.805,0.584,0.628,0.290
964,1.078,0.540,1.077,0.187,0.514,0.806,0.584,0.627,0.290
965,1.094,0.550,1.125,0.188,0.514,0.805,0.584,0.628,0.290
966,1.053,0.535,1.066,0.188,0.515,0.805,0.584,0.628,0.290
967,1.075,0.545,1.097,0.188,0.514,0.805,0.584,0.628,0.290
968,1.096,0.553,1.108,0.187,0.515,0.803,0.584,0.627,0.290
969,1.082,0.544,1.096,0.190,0.515,0.803,0.584,0.628,0.290
970,1.080,0.552,1.092,0.185,0.514,0.805,0.584,0.628,0.290
971,1.124,0.559,1.123,0.187,0.514,0.805,0.584,0.628,0.290
972,1.085,0.546,1.090,0.187,0.514,0.805,0.584,0.628,0.290
973,1.100,0.552,1.111,0.190,0.514,0.806,0.584,0.628,0.290
974,1.112,0.559,1.125,0.186,0.514,0.806,0.584,0.628,0.290
975,1.077,0.543,1.083,0.186,0.514,0.805,0.584,0.628,0.291
976,1.111,0.556,1.125,0.186,0.514,0.805,0.584,0.628,0.291
977,1.075,0.543,1.095,0.188,0.515,0.805,0.584,0.628,0.291
978,1.095,0.555,1.098,0.182,0.514,0.806,0.584,0.628,0.291
979,1.063,0.540,1.059,0.184,0.514,0.807,0.584,0.628,0.291
980,1.076,0.536,1.112,0.191,0.514,0.806,0.584,0.628,0.291
981,1.101,0.557,1.126,0.184,0.514,0.807,0.584,0.628,0.291
982,1.063,0.541,1.077,0.189,0.514,0.806,0.584,0.627,0.291
983,1.095,0.553,1.084,0.184,0.514,0.806,0.583,0.628,0.291
984,1.072,0.546,1.104,0.190,0.514,0.805,0.583,0.627,0.290
985,1.086,0.547,1.097,0.187,0.514,0.805,0.583,0.627,0.290
986,1.047,0.538,1.069,0.186,0.514,0.805,0.584,0.628,0.291
987,1.088,0.548,1.106,0.190,0.514,0.805,0.584,0.627,0.290
988,1.049,0.535,1.055,0.187,0.514,0.804,0.584,0.627,0.290
989,1.077,0.549,1.073,0.186,0.514,0.806,0.584,0.628,0.290
990,1.106,0.560,1.118,0.181,0.514,0.806,0.584,0.628,0.290
991,1.085,0.546,1.092,0.188,0.515,0.803,0.584,0.627,0.290
992,1.096,0.556,1.101,0.186,0.514,0.803,0.584,0.627,0.290
993,1.054,0.539,1.067,0.185,0.515,0.802,0.584,0.627,0.290
994,1.074,0.538,1.086,0.187,0.515,0.802,0.583,0.627,0.290
995,1.071,0.539,1.076,0.185,0.514,0.803,0.583,0.627,0.290
996,1.096,0.552,1.117,0.192,0.514,0.803,0.584,0.627,0.290
997,1.099,0.554,1.111,0.183,0.514,0.804,0.583,0.627,0.290
998,1.092,0.545,1.128,0.190,0.514,0.803,0.583,0.627,0.290
999,1.080,0.544,1.095,0.189,0.515,0.803,0.583,0.627,0.290
1000,1.071,0.543,1.082,0.188,0.515,0.803,0.583,0.627,0.290
1001,1.055,0.534,1.065,0.188,0.515,0.803,0.584,0.627,0.290
1002,1.021,0.520,1.031,0.190,0.516,0.803,0.584,0.628,0.291
1003,1.062,0.540,1.081,0.183,0.515,0.803,0.584,0.628,0.291
1004,1.109,0.553,1.109,0.188,0.515,0.804,0.584,0.628,0.291
1005,1.066,0.538,1.087,0.186,0.515,0.803,0.584,0.628,0.291
1006,1.049,0.533,1.065,0.188,0.515,0.803,0.584,0.628,0.290
1007,1.078,0.542,1.074,0.188,0.515,0.803,0.584,0.628,0.291
1008,1.063,0.537,1.074,0.187,0.516,0.804,0.584,0.628,0.291
1009,1.062,0.542,1.065,0.186,0.515,0.804,0.584,0.628,0.291
1010,1.129,0.566,1.134,0.183,0.515,0.805,0.585,0.628,0.291
1011,1.097,0.559,1.112,0.182,0.515,0.805,0.585,0.628,0.291
1012,1.079,0.542,1.096,0.187,0.515,0.804,0.585,0.628,0.291
1013,1.077,0.546,1.083,0.187,0.515,0.804,0.585,0.628,0.291
1014,1.063,0.538,1.087,0.188,0.515,0.806,0.585,0.628,0.291
1015,1.076,0.543,1.093,0.184,0.516,0.804,0.585,0.629,0.291
1016,1.113,0.558,1.118,0.184,0.516,0.805,0.584,0.629,0.291
1017,1.089,0.549,1.093,0.187,0.516,0.805,0.585,0.629,0.291
1018,1.089,0.553,1.102,0.189,0.516,0.804,0.584,0.629,0.291
1019,1.047,0.531,1.060,0.190,0.516,0.804,0.584,0.629,0.291
1020,1.094,0.551,1.096,0.183,0.516,0.804,0.584,0.629,0.291
1021,1.052,0.538,1.064,0.188,0.516,0.804,0.585,0.629,0.291
1022,1.095,0.552,1.091,0.184,0.516,0.805,0.585,0.629,0.291
1023,1.063,0.540,1.065,0.186,0.516,0.805,0.585,0.629,0.291
1024,1.058,0.533,1.063,0.187,0.516,0.805,0.585,0.629,0.291
1025,1.048,0.532,1.061,0.188,0.516,0.804,0.585,0.629,0.291
1026,1.028,0.525,1.048,0.188,0.516,0.805,0.585,0.629,0.291
1027,1.073,0.545,1.078,0.185,0.515,0.805,0.585,0.628,0.291
1028,1.047,0.535,1.058,0.187,0.515,0.805,0.585,0.628,0.291
1029,1.050,0.534,1.064,0.188,0.515,0.805,0.585,0.628,0.291
1030,1.012,0.513,1.043,0.191,0.516,0.805,0.585,0.629,0.291
1031,1.108,0.552,1.103,0.185,0.515,0.805,0.585,0.628,0.291
1032,1.087,0.550,1.086,0.183,0.516,0.805,0.585,0.629,0.291
1033,1.086,0.544,1.094,0.185,0.516,0.806,0.585,0.629,0.291
1034,1.113,0.560,1.113,0.182,0.516,0.805,0.585,0.629,0.291
1035,1.104,0.553,1.106,0.180,0.517,0.805,0.585,0.629,0.291
1036,1.074,0.548,1.094,0.188,0.516,0.805,0.585,0.629,0.291
1037,1.089,0.547,1.092,0.186,0.516,0.806,0.585,0.629,0.291
1038,1.097,0.556,1.102,0.184,0.516,0.805,0.585,0.629,0.291
1039,1.120,0.560,1.121,0.185,0.517,0.804,0.586,0.629,0.291
1040,1.054,0.540,1.059,0.184,0.517,0.805,0.586,0.629,0.291
1041,1.053,0.533,1.078,0.189,0.516,0.806,0.586,0.629,0.291
1042,1.090,0.551,1.078,0.182,0.516,0.806,0.586,0.629,0.291
1043,1.067,0.544,1.067,0.184,0.516,0.807,0.586,0.629,0.291
1044,1.053,0.540,1.048,0.185,0.515,0.807,0.586,0.629,0.291
1045,1.076,0.542,1.096,0.190,0.515,0.808,0.586,0.629,0.291
1046,1.123,0.566,1.108,0.183,0.515,0.807,0.586,0.629,0.291
1047,1.076,0.545,1.100,0.186,0.515,0.806,0.586,0.629,0.291
1048,1.096,0.554,1.114,0.185,0.515,0.806,0.586,0.629,0.291
1049,1.023,0.521,1.039,0.188,0.515,0.807,0.586,0.629,0.291
1050,1.087,0.552,1.092,0.184,0.516,0.805,0.586,0.629,0.291
1051,1.047,0.535,1.050,0.191,0.516,0.806,0.586,0.629,0.291
1052,1.070,0.541,1.075,0.187,0.516,0.805,0.585,0.629,0.291
1053,1.077,0.548,1.091,0.186,0.516,0.805,0.586,0.629,0.291
1054,1.056,0.538,1.073,0.187,0.517,0.805,0.586,0.629,0.291
1055,1.053,0.534,1.056,0.185,0.517,0.805,0.586,0.629,0.291
1056,1.074,0.548,1.068,0.186,0.517,0.805,0.586,0.629,0.291
1057,1.076,0.550,1.075,0.182,0.517,0.805,0.586,0.629,0.291
1058,1.083,0.551,1.090,0.188,0.516,0.805,0.586,0.629,0.291
1059,1.046,0.539,1.060,0.185,0.516,0.806,0.586,0.629,0.291
1060,1.066,0.542,1.090,0.184,0.516,0.805,0.586,0.629,0.291
1061,1.092,0.551,1.102,0.184,0.516,0.806,0.586,0.629,0.291
1062,1.046,0.536,1.039,0.183,0.517,0.805,0.586,0.629,0.291
1063,1.061,0.541,1.051,0.184,0.516,0.806,0.586,0.629,0.291
1064,1.052,0.536,1.055,0.186,0.517,0.806,0.586,0.630,0.292
1065,1.027,0.528,1.039,0.187,0.517,0.804,0.586,0.629,0.291
1066,1.020,0.526,1.031,0.183,0.517,0.806,0.586,0.630,0.292
1067,1.062,0.541,1.051,0.180,0.517,0.806,0.586,0.630,0.292
1068,1.074,0.542,1.066,0.183,0.517,0.805,0.586,0.629,0.291
1069,1.098,0.557,1.079,0.180,0.517,0.805,0.586,0.629,0.291
1070,1.025,0.520,1.026,0.187,0.517,0.805,0.586,0.630,0.292
1071,1.063,0.538,1.049,0.183,0.518,0.804,0.586,0.630,0.292
1072,1.031,0.531,1.034,0.184,0.518,0.805,0.586,0.630,0.292
1073,1.075,0.545,1.082,0.184,0.517,0.805,0.586,0.630,0.291
1074,1.066,0.541,1.059,0.181,0.517,0.805,0.586,0.630,0.292
1075,1.057,0.538,1.065,0.184,0.517,0.804,0.586,0.630,0.292
1076,1.068,0.542,1.084,0.186,0.518,0.804,0.586,0.630,0.292
1077,1.003,0.518,1.011,0.185,0.517,0.802,0.586,0.629,0.291
1078,1.030,0.530,1.028,0.186,0.517,0.802,0.586,0.629,0.291
1079,1.106,0.559,1.094,0.184,0.517,0.802,0.585,0.629,0.291
1080,1.037,0.527,1.048,0.189,0.517,0.803,0.585,0.629,0.291
1081,1.062,0.537,1.052,0.186,0.517,0.801,0.585,0.629,0.291
1082,1.055,0.539,1.062,0.183,0.517,0.802,0.585,0.629,0.291
1083,1.052,0.535,1.066,0.187,0.517,0.802,0.585,0.629,0.292
1084,1.112,0.559,1.110,0.183,0.517,0.802,0.585,0.629,0.291
1085,1.053,0.537,1.061,0.183,0.517,0.802,0.585,0.628,0.292
1086,1.041,0.531,1.037,0.183,0.517,0.801,0.585,0.629,0.292
1087,1.032,0.532,1.035,0.184,0.517,0.801,0.585,0.629,0.292
1088,1.040,0.538,1.044,0.182,0.517,0.802,0.586,0.629,0.292
1089,1.022,0.524,1.027,0.187,0.517,0.803,0.586,0.629,0.292
1090,1.053,0.536,1.055,0.185,0.517,0.803,0.586,0.629,0.292
1091,1.108,0.559,1.102,0.183,0.517,0.803,0.586,0.629,0.292
1092,1.069,0.545,1.066,0.182,0.517,0.803,0.586,0.629,0.292
1093,1.060,0.539,1.054,0.185,0.517,0.803,0.586,0.629,0.292
1094,1.060,0.543,1.067,0.181,0.517,0.804,0.586,0.630,0.292
1095,1.037,0.534,1.034,0.187,0.517,0.805,0.587,0.630,0.292
1096,1.050,0.535,1.042,0.183,0.517,0.804,0.587,0.630,0.292
1097,1.079,0.549,1.074,0.183,0.517,0.805,0.587,0.630,0.292
1098,1.045,0.530,1.029,0.183,0.518,0.803,0.587,0.630,0.292
1099,1.082,0.550,1.066,0.182,0.518,0.802,0.587,0.630,0.292
1100,1.027,0.525,1.038,0.189,0.518,0.802,0.586,0.629,0.292
1101,1.064,0.539,1.053,0.183,0.518,0.804,0.587,0.630,0.292
1102,1.089,0.549,1.083,0.181,0.518,0.804,0.587,0.630,0.292
1103,1.030,0.528,1.037,0.185,0.518,0.803,0.587,0.630,0.292
1104,1.079,0.551,1.080,0.184,0.518,0.802,0.587,0.630,0.292
1105,1.082,0.554,1.086,0.183,0.518,0.803,0.587,0.630,0.292
1106,1.026,0.530,1.039,0.186,0.518,0.803,0.586,0.630,0.292
1107,1.035,0.533,1.038,0.185,0.518,0.802,0.586,0.630,0.293
1108,1.084,0.554,1.090,0.187,0.518,0.802,0.586,0.629,0.293
1109,1.052,0.539,1.036,0.183,0.518,0.801,0.586,0.629,0.293
1110,1.012,0.522,1.006,0.187,0.518,0.802,0.586,0.629,0.293
1111,1.063,0.544,1.046,0.182,0.518,0.802,0.586,0.629,0.293
1112,1.046,0.531,1.046,0.184,0.518,0.802,0.586,0.629,0.292
1113,1.104,0.554,1.099,0.183,0.517,0.803,0.586,0.629,0.293
1114,1.044,0.530,1.046,0.185,0.518,0.801,0.586,0.629,0.293
1115,1.111,0.566,1.119,0.183,0.517,0.802,0.586,0.629,0.292
1116,1.074,0.541,1.067,0.183,0.517,0.802,0.586,0.629,0.293
1117,1.106,0.559,1.109,0.180,0.517,0.803,0.587,0.629,0.293
1118,1.044,0.540,1.038,0.182,0.517,0.804,0.587,0.629,0.293
1119,1.064,0.539,1.058,0.183,0.517,0.803,0.587,0.629,0.293
1120,1.066,0.537,1.066,0.185,0.517,0.804,0.587,0.629,0.293
1121,1.042,0.535,1.049,0.186,0.517,0.804,0.587,0.629,0.293
1122,1.072,0.538,1.068,0.184,0.517,0.803,0.587,0.629,0.292
1123,1.045,0.534,1.049,0.184,0.517,0.804,0.586,0.629,0.292
1124,1.072,0.548,1.063,0.181,0.516,0.804,0.586,0.629,0.292
1125,1.086,0.550,1.076,0.182,0.516,0.804,0.586,0.629,0.292
1126,1.030,0.530,1.035,0.185,0.517,0.804,0.586,0.629,0.292
1127,1.071,0.546,1.063,0.182,0.516,0.807,0.587,0.629,0.292
1128,1.084,0.546,1.070,0.183,0.516,0.806,0.587,0.629,0.292
1129,1.047,0.538,1.032,0.187,0.516,0.807,0.587,0.630,0.293
1130,1.062,0.542,1.039,0.181,0.518,0.805,0.587,0.630,0.293
1131,1.022,0.527,1.026,0.185,0.517,0.807,0.587,0.630,0.293
1132,1.049,0.541,1.042,0.181,0.517,0.806,0.587,0.630,0.293
1133,1.022,0.527,1.019,0.183,0.517,0.807,0.587,0.630,0.293
1134,1.018,0.525,1.008,0.182,0.517,0.807,0.587,0.630,0.293
1135,1.015,0.522,1.020,0.186,0.517,0.807,0.587,0.630,0.293
1136,1.069,0.548,1.054,0.179,0.516,0.808,0.587,0.630,0.293
1137,1.076,0.541,1.076,0.183,0.516,0.808,0.587,0.630,0.293
1138,1.081,0.555,1.060,0.184,0.516,0.809,0.588,0.630,0.293
1139,1.061,0.542,1.047,0.184,0.517,0.808,0.588,0.630,0.293
1140,1.066,0.548,1.058,0.183,0.517,0.809,0.588,0.631,0.293
1141,1.024,0.533,1.011,0.181,0.516,0.809,0.587,0.631,0.293
1142,1.021,0.531,1.024,0.182,0.517,0.809,0.587,0.631,0.293
1143,1.053,0.536,1.034,0.183,0.517,0.809,0.588,0.631,0.293
1144,1.056,0.540,1.033,0.181,0.517,0.808,0.588,0.631,0.293
1145,1.053,0.536,1.042,0.185,0.517,0.810,0.588,0.631,0.293
1146,1.072,0.548,1.047,0.181,0.517,0.808,0.588,0.631,0.293
1147,1.105,0.566,1.075,0.178,0.517,0.808,0.588,0.630,0.293
1148,1.088,0.551,1.062,0.179,0.516,0.809,0.587,0.630,0.293
1149,1.027,0.528,1.016,0.185,0.517,0.807,0.587,0.630,0.293
1150,1.056,0.544,1.049,0.181,0.517,0.807,0.587,0.630,0.293
1151,1.095,0.555,1.060,0.181,0.517,0.808,0.587,0.630,0.293
1152,1.049,0.538,1.042,0.179,0.517,0.808,0.587,0.630,0.293
1153,1.047,0.541,1.032,0.180,0.517,0.807,0.587,0.630,0.293
1154,1.034,0.527,1.025,0.185,0.517,0.807,0.587,0.630,0.293
1155,1.058,0.542,1.043,0.183,0.517,0.807,0.588,0.630,0.293
1156,1.054,0.540,1.044,0.180,0.517,0.808,0.588,0.631,0.293
1157,1.064,0.546,1.045,0.181,0.517,0.808,0.588,0.630,0.293
1158,1.054,0.539,1.032,0.181,0.517,0.808,0.588,0.630,0.293
1159,1.021,0.525,1.017,0.180,0.517,0.809,0.587,0.631,0.293
1160,1.066,0.547,1.061,0.180,0.517,0.808,0.587,0.630,0.293
1161,1.070,0.546,1.048,0.178,0.517,0.807,0.587,0.630,0.293
1162,1.017,0.526,1.008,0.185,0.517,0.807,0.587,0.630,0.293
1163,1.037,0.534,1.031,0.182,0.517,0.807,0.587,0.630,0.293
1164,1.035,0.534,1.008,0.178,0.517,0.806,0.587,0.630,0.293
1165,1.056,0.544,1.040,0.185,0.518,0.806,0.587,0.630,0.293
1166,1.074,0.551,1.055,0.180,0.518,0.805,0.587,0.630,0.293
1167,1.039,0.536,1.028,0.184,0.518,0.806,0.587,0.630,0.293
1168,1.031,0.532,1.016,0.178,0.518,0.805,0.587,0.630,0.293
1169,1.038,0.527,1.007,0.184,0.518,0.805,0.588,0.630,0.293
1170,1.039,0.531,1.026,0.181,0.518,0.806,0.588,0.631,0.293
1171,1.049,0.543,1.024,0.178,0.518,0.806,0.588,0.631,0.293
1172,1.030,0.535,1.003,0.180,0.518,0.806,0.588,0.631,0.293
1173,1.081,0.551,1.066,0.180,0.518,0.806,0.588,0.631,0.293
1174,1.048,0.536,1.035,0.178,0.518,0.807,0.588,0.631,0.293
1175,1.066,0.546,1.039,0.181,0.518,0.806,0.588,0.631,0.293
1176,1.020,0.528,1.007,0.181,0.517,0.807,0.588,0.630,0.293
1177,1.018,0.525,1.001,0.182,0.518,0.808,0.588,0.631,0.293
1178,1.023,0.529,1.008,0.181,0.517,0.807,0.588,0.631,0.293
1179,1.026,0.533,1.014,0.179,0.518,0.807,0.588,0.631,0.293
1180,1.021,0.526,1.006,0.180,0.518,0.806,0.588,0.630,0.293
1181,1.087,0.553,1.055,0.177,0.517,0.807,0.588,0.630,0.293
1182,1.032,0.526,1.015,0.183,0.517,0.807,0.588,0.630,0.293
1183,1.059,0.544,1.041,0.177,0.517,0.807,0.588,0.630,0.293
1184,1.023,0.533,1.007,0.178,0.517,0.806,0.588,0.630,0.293
1185,1.042,0.540,1.021,0.178,0.517,0.806,0.588,0.630,0.293
1186,1.042,0.539,1.034,0.178,0.518,0.806,0.588,0.630,0.293
1187,1.068,0.545,1.064,0.178,0.518,0.807,0.588,0.631,0.293
1188,1.021,0.525,1.010,0.179,0.518,0.807,0.588,0.630,0.293
1189,1.045,0.528,1.034,0.184,0.517,0.807,0.588,0.630,0.293
1190,1.039,0.536,1.010,0.183,0.517,0.807,0.588,0.630,0.293
1191,1.016,0.529,1.008,0.184,0.517,0.807,0.588,0.631,0.293
1192,1.016,0.529,1.008,0.182,0.517,0.807,0.588,0.630,0.293
1193,1.045,0.544,1.026,0.180,0.517,0.807,0.588,0.630,0.293
1194,1.052,0.542,1.034,0.178,0.517,0.807,0.588,0.630,0.293
1195,1.005,0.527,0.983,0.180,0.517,0.807,0.588,0.630,0.293
1196,1.059,0.547,1.035,0.176,0.518,0.807,0.588,0.631,0.293
1197,1.088,0.556,1.063,0.181,0.518,0.806,0.588,0.630,0.293
1198,1.029,0.533,1.007,0.177,0.518,0.806,0.588,0.630,0.293
1199,1.020,0.528,1.002,0.180,0.518,0.807,0.588,0.631,0.293
1200,1.074,0.547,1.044,0.179,0.518,0.807,0.588,0.631,0.293
